Company,System,AutoParallel,EnabledCores,EnabledChips,CoresPerChip,ThreadsPerCore,Base,Peak,CPU
ACTION S.A.,"ACTINA SOLAR 222 S6 (Intel Xeon E5-2620 v4, 2.10 GHz)",Yes,16,2,8,1,57.2,60.4,Intel Xeon E5-2620 v4
ACTION S.A.,"ACTINA SOLAR 222 S6 (Intel Xeon E5-2630 v4, 2.20 GHz)",Yes,20,2,10,1,60.3,63.8,Intel Xeon E5-2630 v4
Cisco Systems,Cisco UCS C220 M4 (Intel Xeon E5-2623 v4  2.60 GHz),Yes,8,2,4,1,55.7,57.7,Intel Xeon E5-2623 v4  2.60 GHz
Cisco Systems,"Cisco UCS C220 M4 (Intel Xeon E5-2699A v4, 2.40 GHz)",Yes,44,2,22,1,72.5,74.7,Intel Xeon E5-2699A v4
Cisco Systems,Cisco UCS B200 M4 (Intel Xeon E5-2630L v4  1.80 GHz),Yes,20,2,10,1,56.2,58.9,Intel Xeon E5-2630L v4  1.80 GHz
Cisco Systems,Cisco UCS B200 M4 (Intel Xeon E5-2623 v4  2.60 GHz),Yes,8,2,4,1,55.7,57.6,Intel Xeon E5-2623 v4  2.60 GHz
Cisco Systems,Cisco UCS B200 M4 (Intel Xeon E5-2699 v4 2.20 GHz),Yes,44,2,22,1,72.4,74.4,Intel Xeon E5-2699 v4 2.20 GHz
Cisco Systems,Cisco UCS C240 M4 (Intel Xeon E5-2667 v4 3.20 GHz),Yes,16,2,8,1,68.6,71.9,Intel Xeon E5-2667 v4 3.20 GHz
Cisco Systems,Cisco UCS C240 M4 (Intel Xeon E5-2637 v4 3.50 GHz),Yes,8,2,4,1,64.9,67.7,Intel Xeon E5-2637 v4 3.50 GHz
Cisco Systems,"Cisco UCS C240 M4 (Intel Xeon E5-2699A v4, 2.40 GHz)",Yes,44,2,22,1,72.6,74.9,Intel Xeon E5-2699A v4
Cisco Systems,Cisco UCS B420 M4 (Intel Xeon E5-4610 v4 1.80 GHz),Yes,40,4,10,1,37.9,39.4,Intel Xeon E5-4610 v4 1.80 GHz
Cisco Systems,Cisco UCS B420 M4 (Intel Xeon E5-4640 v4 2.10 GHz),Yes,48,4,12,1,53.6,56.2,Intel Xeon E5-4640 v4 2.10 GHz
Cisco Systems,"Cisco UCS B420 M4 (Intel Xeon E5-4655 v4, 2.50 GHz)",Yes,32,4,8,1,62.1,65.0,Intel Xeon E5-4655 v4
Cisco Systems,Cisco UCS B200 M4 (Intel Xeon E5-2699A v4 2.40 GHz),Yes,44,2,22,1,72.9,75.1,Intel Xeon E5-2699A v4 2.40 GHz
Cisco Systems,Cisco UCS B420 M4 (Intel Xeon E5-4627 v4 2.60 GHz),Yes,40,4,10,1,62.0,65.6,Intel Xeon E5-4627 v4 2.60 GHz
Dell Inc.,"PowerEdge R630 (Intel Xeon E5-2699A v4, 2.40 GHz)",Yes,44,2,22,1,71.6,73.9,Intel Xeon E5-2699A v4
Dell Inc.,"PowerEdge R730 (Intel Xeon CPU E5-2640 v4, 2.40 GHz)",Yes,20,2,10,1,64.8,68.7,Intel Xeon CPU E5-2640 v4
Dell Inc.,"PowerEdge R730xd (Intel Xeon CPU E5-2640 v4, 2.40 GHz)",Yes,20,2,10,1,64.8,68.7,Intel Xeon CPU E5-2640 v4
Dell Inc.,"PowerEdge R730 (Intel Xeon E5-2623 v4, 2.60 GHz)",Yes,8,2,4,2,55.9,58.5,Intel Xeon E5-2623 v4
Dell Inc.,"PowerEdge R730xd (Intel Xeon E5-2623 v4, 2.60 GHz)",Yes,8,2,4,2,55.9,58.5,Intel Xeon E5-2623 v4
Dell Inc.,"PowerEdge R730xd (Intel Xeon E5-2630 v4, 2.20 GHz)",Yes,20,2,10,1,60.2,63.7,Intel Xeon E5-2630 v4
Dell Inc.,"PowerEdge R730xd (Intel Xeon E5-2680 v4, 2.40 GHz)",Yes,28,2,14,1,65.6,68.9,Intel Xeon E5-2680 v4
Dell Inc.,"PowerEdge R730xd (Intel Xeon E5-2687W v4, 3.00 GHz)",Yes,24,2,12,1,67.5,71.4,Intel Xeon E5-2687W v4
Dell Inc.,"PowerEdge R730xd (Intel Xeon E5-2689 v4, 3.10 GHz)",Yes,20,2,10,1,68.5,72.2,Intel Xeon E5-2689 v4
Dell Inc.,"PowerEdge R730xd (Intel Xeon E5-2697A v4, 3.10 GHz)",Yes,32,2,16,1,70.8,73.4,Intel Xeon E5-2697A v4
Dell Inc.,"PowerEdge R730xd (Intel Xeon E5-2698 v4, 2.20 GHz)",Yes,40,2,20,1,71.0,73.5,Intel Xeon E5-2698 v4
Dell Inc.,"PowerEdge R730xd (Intel Xeon E5-2699 v4, 2.20 GHz)",Yes,44,2,22,1,71.7,73.9,Intel Xeon E5-2699 v4
Dell Inc.,"PowerEdge R730 (Intel Xeon E5-2630 v4, 2.20 GHz)",Yes,20,2,10,1,60.2,63.7,Intel Xeon E5-2630 v4
Dell Inc.,"PowerEdge R730 (Intel Xeon E5-2680 v4, 2.40 GHz)",Yes,28,2,14,1,65.6,68.9,Intel Xeon E5-2680 v4
Dell Inc.,"PowerEdge R730 (Intel Xeon E5-2687W v4, 3.00 GHz)",Yes,24,2,12,1,67.5,71.4,Intel Xeon E5-2687W v4
Dell Inc.,"PowerEdge R730 (Intel Xeon E5-2689 v4, 3.10 GHz)",Yes,20,2,10,1,68.5,72.2,Intel Xeon E5-2689 v4
Dell Inc.,"PowerEdge R730 (Intel Xeon E5-2697A v4, 3.10 GHz)",Yes,32,2,16,1,70.8,73.4,Intel Xeon E5-2697A v4
Dell Inc.,"PowerEdge R730 (Intel Xeon E5-2698 v4, 2.20 GHz)",Yes,40,2,20,1,71.0,73.5,Intel Xeon E5-2698 v4
Dell Inc.,"PowerEdge R730 (Intel Xeon E5-2699 v4, 2.20 GHz)",Yes,44,2,22,1,71.7,73.9,Intel Xeon E5-2699 v4
Dell Inc.,"PowerEdge R730 (Intel Xeon E5-2623 v4, 2.60 GHz)",Yes,8,2,4,1,56.2,Not Run,Intel Xeon E5-2623 v4
Dell Inc.,"PowerEdge R730 (Intel Xeon E5-2643 v4, 3.40 GHz)",Yes,12,2,6,1,68.3,72.2,Intel Xeon E5-2643 v4
Dell Inc.,"PowerEdge R730 (Intel Xeon E5-2609 v4, 1.70 GHz)",Yes,16,2,8,1,35.7,37.4,Intel Xeon E5-2609 v4
Dell Inc.,"PowerEdge R730xd (Intel Xeon E5-2609 v4, 1.70 GHz)",Yes,16,2,8,1,35.7,37.4,Intel Xeon E5-2609 v4
Dell Inc.,"PowerEdge R730 (Intel Xeon E5-2637 v4, 3.50 GHz)",Yes,8,2,4,1,65.6,68.9,Intel Xeon E5-2637 v4
Dell Inc.,"PowerEdge R730xd (Intel Xeon E5-2637 v4, 3.50 GHz)",Yes,8,2,4,1,65.6,68.9,Intel Xeon E5-2637 v4
Dell Inc.,"PowerEdge R730 (Intel Xeon E5-2695 v4, 2.10 GHz)",Yes,36,2,18,1,66.0,67.9,Intel Xeon E5-2695 v4
Dell Inc.,"PowerEdge R730xd (Intel Xeon E5-2695 v4, 2.10 GHz)",Yes,36,2,18,1,66.0,67.9,Intel Xeon E5-2695 v4
Dell Inc.,"PowerEdge R730xd (Intel Xeon E5-2643 v4, 3.40 GHz)",Yes,12,2,6,1,68.3,72.2,Intel Xeon E5-2643 v4
Dell Inc.,"PowerEdge R730xd (Intel Xeon E5-2650 v4, 2.20 GHz)",Yes,24,2,12,1,57.8,60.8,Intel Xeon E5-2650 v4
Dell Inc.,"PowerEdge R730 (Intel Xeon E5-2683 v4, 2.10 GHz)",Yes,32,2,16,1,61.8,63.7,Intel Xeon E5-2683 v4
Dell Inc.,"PowerEdge R730xd (Intel Xeon E5-2683 v4, 2.10 GHz)",Yes,32,2,16,1,61.8,63.7,Intel Xeon E5-2683 v4
Dell Inc.,"PowerEdge R730 (Intel Xeon E5-2650 v4, 2.20 GHz)",Yes,24,2,12,1,57.8,60.8,Intel Xeon E5-2650 v4
Fujitsu,"PRIMERGY RX2540 M2, (Intel Xeon E5-2667 v4, 3.20 GHz)",Yes,16,2,8,2,68.9,72.4,Intel Xeon E5-2667 v4
Fujitsu,"PRIMERGY RX4770 M3, (Intel Xeon E7-8891 v4, 2.80 GHz)",Yes,40,4,10,1,71.3,75.4,Intel Xeon E7-8891 v4
Fujitsu,"PRIMERGY RX1330 M3, (Intel Xeon E3-1280 v6, 3.9GHz)",Yes,4,1,4,1,74.5,77.0,Intel Xeon E3-1280 v6
Fujitsu,"PRIMERGY TX1320 M3, (Intel Xeon E3-1280 v6, 3.9GHz)",Yes,4,1,4,1,74.6,77.0,Intel Xeon E3-1280 v6
Fujitsu,"PRIMERGY TX1330 M3, (Intel Xeon E3-1280 v6, 3.9GHz)",Yes,4,1,4,1,74.6,77.0,Intel Xeon E3-1280 v6
Huawei,Huawei RH2288H V3 (Intel Xeon E5-2683 v4),Yes,32,2,16,1,61.3,63.4,Intel Xeon E5-2683 v4
Huawei,Huawei XH321 V3 (Intel Xeon E5-2643 v4),Yes,12,2,6,1,68.7,72.1,Intel Xeon E5-2643 v4
Lenovo Group Limited,"Lenovo System x3650 M5 (2.10 GHz, Intel Xeon E5-2683 v4)",Yes,32,2,16,1,62.0,63.5,Intel Xeon E5-2683 v4
Lenovo Group Limited,"Lenovo ThinkServer SD350 (2.20 GHz, Intel Xeon E5-2630 v4)",Yes,20,2,10,1,61.8,65.4,Intel Xeon E5-2630 v4
Lenovo Group Limited,"Lenovo ThinkServer SD350 (2.20 GHz, Intel Xeon E5-2698 v4)",Yes,40,2,20,1,71.9,74.3,Intel Xeon E5-2698 v4
Lenovo Group Limited,"Lenovo ThinkServer SD350 (2.40 GHz, Intel Xeon E5-2640 v4)",Yes,20,2,10,1,65.0,68.7,Intel Xeon E5-2640 v4
Lenovo Group Limited,"Lenovo ThinkServer SD350 (2.60 GHz, Intel Xeon E5-2623 v4)",Yes,8,2,4,1,56.2,58.7,Intel Xeon E5-2623 v4
Lenovo Group Limited,"Lenovo ThinkServer SD350 (1.70 GHz, Intel Xeon E5-2609 v4)",Yes,16,2,8,1,35.8,37.4,Intel Xeon E5-2609 v4
Lenovo Group Limited,"Lenovo ThinkServer SD350 (1.70 GHz, Intel Xeon E5-2603 v4)",Yes,12,2,6,1,34.8,36.1,Intel Xeon E5-2603 v4
Lenovo Group Limited,"Lenovo ThinkServer SD350 (2.60 GHz, Intel Xeon E5-2690 v4)",Yes,28,2,14,1,69.4,72.7,Intel Xeon E5-2690 v4
Lenovo Group Limited,"Lenovo ThinkServer SD350 (2.40 GHz, Intel Xeon E5-2680 v4)",Yes,28,2,14,1,66.0,69.2,Intel Xeon E5-2680 v4
Lenovo Group Limited,"Lenovo ThinkServer SD350 (2.00 GHz, Intel Xeon E5-2660 v4)",Yes,28,2,14,1,63.7,66.7,Intel Xeon E5-2660 v4
Lenovo Group Limited,"Lenovo ThinkServer SD350 (2.20 GHz, Intel Xeon E5-2650 v4)",Yes,24,2,12,1,58.3,61.1,Intel Xeon E5-2650 v4
Lenovo Group Limited,"Lenovo System x3550 M5 (2.20 GHz, Intel Xeon E5-2699R v4)",Yes,44,2,22,1,73.1,75.1,Intel Xeon E5-2699R v4
Lenovo Group Limited,"Lenovo NeXtScale nx360 M5 (2.20 GHz, Intel Xeon E5-2699R v4)",Yes,44,2,22,1,73.0,75.1,Intel Xeon E5-2699R v4
Lenovo Group Limited,"Lenovo ThinkServer RD550 (2.20 GHz, Intel Xeon E5-2699R v4)",Yes,44,2,22,1,72.5,74.7,Intel Xeon E5-2699R v4
Lenovo Group Limited,"Lenovo ThinkServer RD650 (2.20 GHz, Intel Xeon E5-2699R v4)",Yes,44,2,22,1,71.8,74.2,Intel Xeon E5-2699R v4
Lenovo Group Limited,"Lenovo Flex System x240 M5 (2.20 GHz, Intel Xeon E5-2699R v4)",Yes,44,2,22,1,72.4,74.8,Intel Xeon E5-2699R v4
Lenovo Group Limited,"Lenovo System x3650 M5 (2.20 GHz, Intel Xeon E5-2699R v4)",Yes,44,2,22,1,73.2,75.2,Intel Xeon E5-2699R v4
Lenovo Group Limited,"Lenovo ThinkServer RD550 (2.30 GHz, Intel Xeon E5-2697 v4)",Yes,36,2,18,1,71.2,73.7,Intel Xeon E5-2697 v4
Lenovo Group Limited,"Lenovo ThinkServer TS460 (3.70 GHz, Intel Xeon E3-1280 v5)",Yes,4,1,4,1,71.2,73.4,Intel Xeon E3-1280 v5
Lenovo Group Limited,"Lenovo System x3850 X6 (Intel Xeon E7-8894 v4, 2.40 GHz)",Yes,96,4,24,1,70.1,Not Run,Intel Xeon E7-8894 v4
Lenovo Group Limited,"Lenovo System x3950 X6 (Intel Xeon E7-8894 v4, 2.40 GHz)",Yes,192,8,24,1,68.2,Not Run,Intel Xeon E7-8894 v4
Lenovo Group Limited,"Lenovo ThinkServer RD550 (2.40 GHz, Intel Xeon E5-2680 v4)",Yes,28,2,14,1,65.3,68.7,Intel Xeon E5-2680 v4
Lenovo Group Limited,"Lenovo ThinkServer TS460 (3.00 GHz, Intel Xeon E3-1220 v5)",Yes,4,1,4,1,64.0,65.6,Intel Xeon E3-1220 v5
Lenovo Group Limited,"Lenovo ThinkServer TS460 (3.40 GHz, Intel Xeon E3-1230 v5)",Yes,4,1,4,1,68.6,70.4,Intel Xeon E3-1230 v5
Lenovo Group Limited,"Lenovo ThinkServer TS460 (3.50 GHz, Intel Xeon E3-1240 v5)",Yes,4,1,4,1,70.1,72.1,Intel Xeon E3-1240 v5
Lenovo Group Limited,"Lenovo ThinkServer TS460 (3.60 GHz, Intel Xeon E3-1270 v5)",Yes,4,1,4,1,71.6,73.6,Intel Xeon E3-1270 v5
Lenovo Group Limited,"Lenovo ThinkServer SD350 (2.10 GHz, Intel Xeon E5-2620 v4)",Yes,16,2,8,1,57.3,60.3,Intel Xeon E5-2620 v4
Lenovo Group Limited,"Lenovo ThinkServer RD550 (3.50 GHz, Intel Xeon E5-2637 v4)",Yes,8,2,4,1,64.9,68.2,Intel Xeon E5-2637 v4
M Computers s.r.o.,"HPC S2600WT2R (Intel Xeon E5-2650 v4, 2.2 GHz)",Yes,24,2,12,1,57.4,60.1,Intel Xeon E5-2650 v4
NEC Corporation,Express5800/B120g-h (Intel Xeon E5-2667 v4),Yes,16,2,8,1,69.1,72.7,Intel Xeon E5-2667 v4
NEC Corporation,Express5800/B120g-h (Intel Xeon E5-2699 v4),Yes,44,2,22,1,72.0,74.4,Intel Xeon E5-2699 v4
ACTION S.A.,"ACTINA SOLAR 222 S6 (Intel Xeon E5-2640 v4, 2.40 GHz)",Yes,20,2,10,1,65.0,69.0,Intel Xeon E5-2640 v4
Cisco Systems,Cisco UCS B420 M4 (Intel Xeon CPU E5-4667 v4 2.20 GHz),Yes,72,4,18,1,62.2,64.2,Intel Xeon CPU E5-4667 v4 2.20 GHz
Cisco Systems,Cisco UCS B460 M4 (Intel Xeon CPU E7-8893 v4 3.20 GHz),Yes,16,4,4,1,69.4,71.7,Intel Xeon CPU E7-8893 v4 3.20 GHz
Cisco Systems,"Cisco UCS B420 M4 (Intel Xeon E5-4660 v4, 2.20 GHz)",Yes,64,4,16,1,61.8,64.4,Intel Xeon E5-4660 v4
Cisco Systems,Cisco UCS B420 M4 (Intel Xeon E5-4669 v4 2.20 GHz),Yes,88,4,22,1,63.5,65.5,Intel Xeon E5-4669 v4 2.20 GHz
Cisco Systems,Cisco UCS B460 M4 (Intel Xeon CPU E7-8891 v4 2.80 GHz),Yes,40,4,10,1,71.2,73.7,Intel Xeon CPU E7-8891 v4 2.80 GHz
Cisco Systems,Cisco UCS B460 M4 (Intel Xeon CPU E7-4809 v4 2.10 GHz),Yes,32,4,8,1,41.7,44.0,Intel Xeon CPU E7-4809 v4 2.10 GHz
Cisco Systems,Cisco UCS B460 M4 (Intel Xeon E7-4850 v4 2.10 GHz),Yes,64,4,16,1,58.3,60.7,Intel Xeon E7-4850 v4 2.10 GHz
Cisco Systems,Cisco UCS B460 M4 (Intel Xeon E7-4830 v4 2.00 GHz),Yes,56,4,14,1,56.0,58.8,Intel Xeon E7-4830 v4 2.00 GHz
Cisco Systems,Cisco UCS B460 M4 (Intel Xeon E7-8880 v4 2.20 GHz),Yes,88,4,22,1,68.0,70.4,Intel Xeon E7-8880 v4 2.20 GHz
Cisco Systems,Cisco UCS B460 M4 (Intel Xeon E7-8890 v4 2.20 GHz),Yes,96,4,24,1,69.7,71.9,Intel Xeon E7-8890 v4 2.20 GHz
Cisco Systems,Cisco UCS B460 M4 (Intel Xeon E7-8860 v4 2.20 GHz),Yes,72,4,18,1,65.5,67.8,Intel Xeon E7-8860 v4 2.20 GHz
Cisco Systems,Cisco UCS B460 M4 (Intel Xeon E7-8870 v4 2.10 GHz),Yes,80,4,20,1,62.8,65.1,Intel Xeon E7-8870 v4 2.10 GHz
Fujitsu,"PRIMERGY TX1310 M3, (Intel Xeon E3-1245 v6, 3.7GHz)",Yes,4,1,4,1,72.4,74.8,Intel Xeon E3-1245 v6
HPE,"Synergy 620 Gen9 (2.40 GHz, Intel Xeon E7-8894 v4)",Yes,48,2,24,1,68.9,73.2,Intel Xeon E7-8894 v4
HPE,"Synergy 680 Gen9 (2.40 GHz, Intel Xeon E7-8894 v4)",Yes,96,4,24,1,69.8,74.0,Intel Xeon E7-8894 v4
HPE,"ProLiant DL580 Gen9 (2.40 GHz, Intel Xeon E7-8894 v4)",Yes,96,4,24,1,70.5,74.8,Intel Xeon E7-8894 v4
HPE,"ProLiant DL20 Gen9 (3.90 GHz, Intel Xeon E3-1280 v6)",Yes,4,1,4,1,77.5,80.1,Intel Xeon E3-1280 v6
HPE,"ProLiant ML30 Gen9 (3.90 GHz, Intel Xeon E3-1280 v6)",Yes,4,1,4,1,77.6,80.2,Intel Xeon E3-1280 v6
Huawei,Huawei XH622 V3 (Intel Xeon E5-2699A v4),Yes,44,2,22,1,72.2,74.8,Intel Xeon E5-2699A v4
Huawei,Huawei XH620 V3 (Intel Xeon E5-2699A v4),Yes,44,2,22,1,72.2,74.8,Intel Xeon E5-2699A v4
Huawei,Huawei XH628 V3 (Intel Xeon E5-2699A v4),Yes,44,2,22,1,72.2,74.8,Intel Xeon E5-2699A v4
Huawei,Huawei XH321 V3 (Intel Xeon E5-2699A v4),Yes,44,2,22,1,72.2,74.9,Intel Xeon E5-2699A v4
Huawei,Huawei RH2288H V3 (Intel Xeon E5-2699A v4),Yes,44,2,22,1,72.8,75.5,Intel Xeon E5-2699A v4
Huawei,Huawei CH121 V3 (Intel Xeon E5-2699A v4),Yes,44,2,22,1,72.8,75.5,Intel Xeon E5-2699A v4
Inspur Corporation,Inspur NF5270M4 (Intel Xeon E5-2698 v4),Yes,40,2,20,2,68.1,72.0,Intel Xeon E5-2698 v4
Inspur Corporation,Inspur NF5280M4 (Intel Xeon E5-2660 v4),Yes,28,2,14,2,61.5,64.3,Intel Xeon E5-2660 v4
Inspur Corporation,Inspur NF5180M4 (Intel Xeon E5-2660 v4),Yes,28,2,14,2,61.2,64.1,Intel Xeon E5-2660 v4
Inspur Corporation,Inspur NF5270M4 (Intel Xeon E5-2660 v4),Yes,28,2,14,2,61.5,64.4,Intel Xeon E5-2660 v4
Inspur Corporation,Inspur NF5180M4 (Intel Xeon E5-2698 v4),Yes,40,2,20,1,70.1,73.0,Intel Xeon E5-2698 v4
Inspur Corporation,Inspur NF5280M4 (Intel Xeon E5-2698 v4),Yes,40,2,20,1,70.3,73.1,Intel Xeon E5-2698 v4
Lenovo Group Limited,"Lenovo System x3550 M5 (2.60 GHz, Intel Xeon E5-2697A v4)",Yes,32,2,16,1,71.6,73.8,Intel Xeon E5-2697A v4
Lenovo Group Limited,"Lenovo NeXtScale nx360 M5 (2.60 GHz, Intel Xeon E5-2697A v4)",Yes,32,2,16,1,71.3,73.7,Intel Xeon E5-2697A v4
Lenovo Group Limited,"Lenovo ThinkServer TS150 (3.90 GHz, Intel Xeon E3-1280 v6)",Yes,4,1,4,1,77.8,80.4,Intel Xeon E3-1280 v6
Lenovo Group Limited,"Lenovo System x3250 M6 (3.90 GHz, Intel Xeon E3-1280 v6)",Yes,4,1,4,1,77.5,80.2,Intel Xeon E3-1280 v6
Lenovo Group Limited,"Lenovo System x3650 M5 (2.60 GHz, Intel Xeon E5-2697A v4)",Yes,32,2,16,1,71.2,73.7,Intel Xeon E5-2697A v4
Lenovo Group Limited,"Lenovo ThinkServer RS160 (3.90 GHz, Intel Xeon E3-1280 v6)",Yes,4,1,4,1,78.1,80.6,Intel Xeon E3-1280 v6
Lenovo Group Limited,"Lenovo ThinkServer TS460 (3.90 GHz, Intel Xeon E3-1280 v6)",Yes,4,1,4,1,78.0,80.7,Intel Xeon E3-1280 v6
NEC Corporation,Express5800/A2040d (Intel Xeon E7-8867 v4),Yes,72,4,18,1,65.1,67.2,Intel Xeon E7-8867 v4
NEC Corporation,Express5800/GT110i (Intel Xeon E3-1220 v6),Yes,4,1,4,1,66.4,68.5,Intel Xeon E3-1220 v6
NEC Corporation,Express5800/GT110i (Intel Pentium G4560),Yes,2,1,2,1,56.0,58.2,Intel Pentium G4560
NEC Corporation,Express5800/R110i-1 (Intel Xeon E3-1220 v6),Yes,4,1,4,1,66.4,68.5,Intel Xeon E3-1220 v6
NEC Corporation,Express5800/R110i-1 (Intel Xeon E3-1225 v6),Yes,4,1,4,1,69.4,71.6,Intel Xeon E3-1225 v6
NEC Corporation,Express5800/R110i-1 (Intel Xeon E3-1230 v6),Yes,4,1,4,1,73.0,75.4,Intel Xeon E3-1230 v6
NEC Corporation,Express5800/R110i-1 (Intel Xeon E3-1240L v5),Yes,4,1,4,1,61.1,63.0,Intel Xeon E3-1240L v5
NEC Corporation,Express5800/R110i-1 (Intel Xeon E3-1260L v5),Yes,4,1,4,1,72.6,75.1,Intel Xeon E3-1260L v5
NEC Corporation,Express5800/R110i-1 (Intel Pentium G4560),Yes,2,1,2,1,56.0,58.2,Intel Pentium G4560
NEC Corporation,Express5800/T110i (Intel Xeon E3-1225 v6),Yes,4,1,4,1,69.6,71.9,Intel Xeon E3-1225 v6
NEC Corporation,Express5800/R110i-1 (Intel Xeon E3-1270 v6),Yes,4,1,4,1,77.9,80.6,Intel Xeon E3-1270 v6
NEC Corporation,Express5800/T110i (Intel Xeon E3-1220 v6),Yes,4,1,4,1,66.3,68.6,Intel Xeon E3-1220 v6
NEC Corporation,Express5800/T110i (Intel Xeon E3-1230 v6),Yes,4,1,4,1,72.9,75.4,Intel Xeon E3-1230 v6
NEC Corporation,Express5800/T110i (Intel Xeon E3-1270 v6),Yes,4,1,4,1,77.9,80.6,Intel Xeon E3-1270 v6
NEC Corporation,Express5800/T110i (Intel Pentium G4560),Yes,2,1,2,1,56.0,58.2,Intel Pentium G4560
NEC Corporation,Express5800/T110i (Intel Core i3-7300),Yes,2,1,2,1,69.1,71.5,Intel Core i3-7300
NEC Corporation,Express5800/T110i-S (Intel Xeon E3-1225 v6),Yes,4,1,4,1,69.5,71.8,Intel Xeon E3-1225 v6
NEC Corporation,Express5800/T110i-S (Intel Xeon E3-1220 v6),Yes,4,1,4,1,66.5,68.6,Intel Xeon E3-1220 v6
NEC Corporation,Express5800/T110i-S (Intel Xeon E3-1230 v6),Yes,4,1,4,1,72.8,75.3,Intel Xeon E3-1230 v6
NEC Corporation,Express5800/T110i-S (Intel Xeon E3-1260L v5),Yes,4,1,4,1,72.6,75.1,Intel Xeon E3-1260L v5
NEC Corporation,Express5800/T110i-S (Intel Xeon E3-1240L v5),Yes,4,1,4,1,61.1,63.1,Intel Xeon E3-1240L v5
NEC Corporation,Express5800/T110i-S (Intel Xeon E3-1270 v6),Yes,4,1,4,1,78.0,80.7,Intel Xeon E3-1270 v6
NEC Corporation,Express5800/T110i-S (Intel Pentium G4560),Yes,2,1,2,1,56.0,58.1,Intel Pentium G4560
NEC Corporation,Express5800/T110i-S (Intel Core i3-7300),Yes,2,1,2,1,69.1,71.6,Intel Core i3-7300
NEC Corporation,Express5800/T110i (Intel Celeron G3930),Yes,2,1,2,1,46.0,47.7,Intel Celeron G3930
NEC Corporation,Express5800/GT110i (Intel Celeron G3930),Yes,2,1,2,1,46.1,47.7,Intel Celeron G3930
Supermicro,"SuperServer 5019S-L (X11SSL-F , Intel Xeon E3-1230 v6)",Yes,4,1,4,1,72.4,74.4,SSL-F 
Supermicro,"SuperServer 5019S-L (X11SSL-F , Intel Xeon E3-1240 v6)",Yes,4,1,4,1,75.8,78.0,SSL-F 
Cisco Systems,"Cisco UCS C240 M5 (Intel Xeon Platinum 8180, 2.50GHz)",Yes,56,2,28,1,81.4,Not Run,Intel Xeon Platinum 8180
Cisco Systems,"Cisco UCS C480 M5 (Intel Xeon Platinum 8180, 2.50GHz)",Yes,112,4,28,1,80.5,Not Run,Intel Xeon Platinum 8180
Cisco Systems,"Cisco UCS C240 M5 (Intel Xeon Platinum 8170, 2.10GHz)",Yes,52,2,26,1,78.8,81.9,Intel Xeon Platinum 8170
Cisco Systems,"Cisco UCS C240 M5 (Intel Xeon Gold 6130, 2.10GHz)",Yes,32,2,16,1,74.5,77.6,Intel Xeon Gold 6130
Cisco Systems,"Cisco UCS C240 M5 (Intel Xeon Platinum 8176, 2.10GHz)",Yes,56,2,28,1,80.5,83.6,Intel Xeon Platinum 8176
Cisco Systems,"Cisco UCS C240 M5 (Intel Xeon Gold 6140M, 2.30GHz)",Yes,36,2,18,1,75.2,78.7,Intel Xeon Gold 6140M
Cisco Systems,"Cisco UCS C480 M5 (Intel Xeon Platinum 8170, 2.10GHz)",Yes,104,4,26,1,78.3,81.5,Intel Xeon Platinum 8170
Cisco Systems,Cisco UCS C480 M5 (Intel Xeon Platinum 8160 2.10GHz),Yes,96,4,24,1,77.4,81.0,Intel Xeon Platinum 8160 2.10GHz
Cisco Systems,Cisco UCS C480 M5 (Intel Xeon Gold 6152 2.10GHz),Yes,88,4,22,1,78.1,81.4,Intel Xeon Gold 6152 2.10GHz
Cisco Systems,Cisco UCS C480 M5 (Intel Xeon Gold 6130 2.10GHz),Yes,64,4,16,1,75.5,79.3,Intel Xeon Gold 6130 2.10GHz
Cisco Systems,Cisco UCS C480 M5 (Intel Xeon Gold 6144 3.50GHz),Yes,32,4,8,1,83.9,87.8,Intel Xeon Gold 6144 3.50GHz
Cisco Systems,Cisco UCS C480 M5 (Intel Xeon Platinum 8176 2.10GHz),Yes,112,4,28,1,76.2,79.1,Intel Xeon Platinum 8176 2.10GHz
Cisco Systems,Cisco UCS C480 M5 (Intel Xeon Gold 5120 2.20GHz),Yes,56,4,14,1,65.3,68.6,Intel Xeon Gold 5120 2.20GHz
Cisco Systems,Cisco UCS C480 M5 (Intel Xeon Gold 5118 2.30GHz),Yes,48,4,12,1,64.8,67.9,Intel Xeon Gold 5118 2.30GHz
Cisco Systems,Cisco UCS C480 M5 (Intel Xeon Gold 6148 2.40GHz),Yes,80,4,20,1,76.8,Not Run,Intel Xeon Gold 6148 2.40GHz
Cisco Systems,Cisco UCS C480 M5 (Intel Xeon Platinum 8153 2.00GHz),Yes,64,4,16,1,60.7,Not Run,Intel Xeon Platinum 8153 2.00GHz
Cisco Systems,Cisco UCS C480 M5 (Intel Xeon Gold 6146 3.20GHz),Yes,48,4,12,1,82.0,85.7,Intel Xeon Gold 6146 3.20GHz
Cisco Systems,Cisco UCS C480 M5 (Intel Xeon Platinum 8164 2.00GHz),Yes,104,4,26,1,78.4,81.4,Intel Xeon Platinum 8164 2.00GHz
Cisco Systems,"Cisco UCS C220 M5 (Intel Xeon Gold 6142, 2.60GHz)",Yes,32,2,16,1,75.3,79.1,Intel Xeon Gold 6142
Cisco Systems,"Cisco UCS C220 M5 (Intel Xeon Gold 5115, 2.40GHz)",Yes,20,2,10,1,64.0,66.6,Intel Xeon Gold 5115
Cisco Systems,"Cisco UCS C220 M5 (Intel Xeon Platinum 8153, 2.00GHz)",Yes,32,2,16,1,60.0,62.5,Intel Xeon Platinum 8153
Cisco Systems,"Cisco UCS C220 M5 (Intel Xeon Gold 6138, 2.00GHz)",Yes,40,2,20,1,74.1,77.5,Intel Xeon Gold 6138
Cisco Systems,"Cisco UCS C220 M5 (Intel Xeon Gold 6140, 2.30GHz)",Yes,36,2,18,1,73.9,77.4,Intel Xeon Gold 6140
Cisco Systems,"Cisco UCS C220 M5 (Intel Xeon Gold 6154, 3.00GHz)",Yes,36,2,18,1,76.3,Not Run,Intel Xeon Gold 6154
Cisco Systems,"Cisco UCS C220 M5 (Intel Xeon Gold 6146, 3.20GHz)",Yes,24,2,12,1,83.0,86.9,Intel Xeon Gold 6146
Cisco Systems,"Cisco UCS C220 M5 (Intel Xeon Platinum 8164, 2.00GHz)",Yes,52,2,26,1,78.7,81.7,Intel Xeon Platinum 8164
Cisco Systems,"Cisco UCS C220 M5 (Intel Xeon Platinum 8170, 2.10GHz)",Yes,52,2,26,1,78.6,81.7,Intel Xeon Platinum 8170
Cisco Systems,"Cisco UCS C220 M5 (Intel Xeon Gold 5118, 2.30GHz)",Yes,24,2,12,1,64.6,67.6,Intel Xeon Gold 5118
Cisco Systems,"Cisco UCS C220 M5 (Intel Xeon Gold 6144, 3.50GHz)",Yes,16,2,8,1,82.3,85.7,Intel Xeon Gold 6144
Cisco Systems,"Cisco UCS C240 M5 (Intel Xeon Gold 5118, 2.30GHz)",Yes,24,2,12,1,64.4,67.5,Intel Xeon Gold 5118
Cisco Systems,"Cisco UCS C240 M5 (Intel Xeon Gold 6152, 2.10GHz)",Yes,44,2,22,1,77.1,80.2,Intel Xeon Gold 6152
Cisco Systems,"Cisco UCS C240 M5 (Intel Xeon Platinum 8164, 2.00GHz)",Yes,52,2,26,1,78.3,81.3,Intel Xeon Platinum 8164
Cisco Systems,"Cisco UCS C240 M5 (Intel Xeon Platinum 8158, 3.00GHz)",Yes,24,2,12,1,75.5,78.9,Intel Xeon Platinum 8158
Cisco Systems,"Cisco UCS C240 M5 (Intel Xeon Platinum 8153, 2.00GHz)",Yes,32,2,16,1,60.2,62.6,Intel Xeon Platinum 8153
Cisco Systems,"Cisco UCS C240 M5 (Intel Xeon Platinum 8176, 2.10GHz)",Yes,56,2,28,1,80.5,83.6,Intel Xeon Platinum 8176
Cisco Systems,"Cisco UCS C240 M5 (Intel Xeon Gold 5120, 2.20GHz)",Yes,28,2,14,1,65.1,68.2,Intel Xeon Gold 5120
Cisco Systems,"Cisco UCS C240 M5 (Intel Xeon Platinum 8160, 2.10GHz)",Yes,48,2,24,1,77.5,80.7,Intel Xeon Platinum 8160
Cisco Systems,"Cisco UCS C240 M5 (Intel Xeon Gold 6148, 2.40GHz)",Yes,40,2,20,1,76.3,79.5,Intel Xeon Gold 6148
Cisco Systems,"Cisco UCS C240 M5 (Intel Xeon Gold 6146, 3.20GHz)",Yes,24,2,12,1,83.0,86.7,Intel Xeon Gold 6146
Cisco Systems,"Cisco UCS C240 M5 (Intel Xeon Gold 6144, 3.50GHz)",Yes,16,2,8,1,82.5,86.2,Intel Xeon Gold 6144
Cisco Systems,"Cisco UCS C240 M5 (Intel Xeon Gold 6140, 2.00GHz)",Yes,36,2,18,1,75.6,79.0,Intel Xeon Gold 6140
Cisco Systems,"Cisco UCS C240 M5 (Intel Xeon Gold 6138, 2.00GHz)",Yes,40,2,20,1,75.9,79.0,Intel Xeon Gold 6138
Cisco Systems,"Cisco UCS C240 M5 (Intel Xeon Platinum 8156, 3.60GHz)",Yes,8,2,4,1,70.3,73.6,Intel Xeon Platinum 8156
Cisco Systems,"Cisco UCS C240 M5 (Intel Xeon Gold 6136, 3.00GHz)",Yes,24,2,12,1,75.5,78.8,Intel Xeon Gold 6136
Cisco Systems,"Cisco UCS C240 M5 (Intel Xeon Gold 5122, 3.60GHz)",Yes,8,2,4,1,70.2,73.4,Intel Xeon Gold 5122
Cisco Systems,"Cisco UCS C240 M5 (Intel Xeon Silver 4110, 2.10GHz)",Yes,16,2,8,1,58.3,60.9,Intel Xeon Silver 4110
Cisco Systems,"Cisco UCS C240 M5 (Intel Xeon Gold 6150, 2.70GHz)",Yes,36,2,18,1,75.6,79.3,Intel Xeon Gold 6150
Cisco Systems,"Cisco UCS C240 M5 (Intel Xeon Gold 6126, 2.60GHz)",Yes,24,2,12,1,73.7,77.3,Intel Xeon Gold 6126
Cisco Systems,"Cisco UCS C240 M5 (Intel Xeon Gold 6134, 3.20GHz)",Yes,16,2,8,1,74.6,78.0,Intel Xeon Gold 6134
Cisco Systems,"Cisco UCS C240 M5 (Intel Xeon Gold 5115, 2.40GHz)",Yes,20,2,10,1,63.9,66.5,Intel Xeon Gold 5115
Cisco Systems,"Cisco UCS C240 M5 (Intel Xeon Silver 4116, 2.10GHz)",Yes,24,2,12,1,60.5,63.2,Intel Xeon Silver 4116
Cisco Systems,"Cisco UCS C240 M5 (Intel Xeon Gold 6132, 2.60GHz)",Yes,28,2,14,1,73.8,77.2,Intel Xeon Gold 6132
Cisco Systems,"Cisco UCS C240 M5 (Intel Xeon Gold 6154, 3.00GHz)",Yes,36,2,18,1,76.5,80.0,Intel Xeon Gold 6154
Cisco Systems,"Cisco UCS C240 M5 (Intel Xeon Gold 5120, 2.20GHz)",Yes,28,2,14,1,65.3,68.3,Intel Xeon Gold 5120
Cisco Systems,Cisco UCS C480 M5 (Intel Xeon Gold 6154 3.00GHz),Yes,72,4,18,1,76.4,80.0,Intel Xeon Gold 6154 3.00GHz
Cisco Systems,Cisco UCS C480 M5 (Intel Xeon Gold 6132 2.60GHz),Yes,56,4,14,1,74.4,78.1,Intel Xeon Gold 6132 2.60GHz
Cisco Systems,Cisco UCS C480 M5 (Intel Xeon Platinum 8156 3.60GHz),Yes,16,4,4,1,72.4,76.2,Intel Xeon Platinum 8156 3.60GHz
Cisco Systems,Cisco UCS C480 M5 (Intel Xeon Gold 6136 3.00GHz),Yes,48,4,12,1,76.1,79.3,Intel Xeon Gold 6136 3.00GHz
Cisco Systems,Cisco UCS C480 M5 (Intel Xeon Gold 6142 2.60GHz),Yes,64,4,16,1,76.6,80.5,Intel Xeon Gold 6142 2.60GHz
Cisco Systems,Cisco UCS C480 M5 (Intel Xeon Gold 6134 3.20GHz),Yes,32,4,8,1,76.1,79.9,Intel Xeon Gold 6134 3.20GHz
Cisco Systems,Cisco UCS C480 M5 (Intel Xeon Gold 5122 3.60GHz),Yes,16,4,4,1,71.8,75.5,Intel Xeon Gold 5122 3.60GHz
Cisco Systems,Cisco UCS C480 M5 (Intel Xeon Gold 6150 2.70GHz),Yes,72,4,18,1,76.0,79.5,Intel Xeon Gold 6150 2.70GHz
Cisco Systems,"Cisco UCS C480 M5 (Intel Xeon Gold 6126, 2.60GHz)",Yes,48,4,12,1,73.9,77.3,Intel Xeon Gold 6126
Cisco Systems,Cisco UCS C480 M5 (Intel Xeon Gold 6128 3.40GHz),Yes,24,4,6,1,73.8,77.1,Intel Xeon Gold 6128 3.40GHz
Cisco Systems,"Cisco UCS B200 M5 (Intel Xeon Platinum 8176, 2.10 GHz)",Yes,56,2,28,1,81.5,Not Run,Intel Xeon Platinum 8176
Cisco Systems,"Cisco UCS B200 M5 (Intel Xeon Platinum 8168, 2.70 GHz)",Yes,48,2,24,1,79.1,Not Run,Intel Xeon Platinum 8168
Cisco Systems,"Cisco UCS B200 M5 (Intel Xeon Platinum 8153, 2.00 GHz)",Yes,32,2,16,1,60.5,Not Run,Intel Xeon Platinum 8153
Cisco Systems,"Cisco UCS B200 M5 (Intel Xeon Platinum 8164, 2.00 GHz)",Yes,52,2,26,1,79.2,Not Run,Intel Xeon Platinum 8164
Cisco Systems,"Cisco UCS C240 M5 (Intel Xeon Silver 4114, 2.20GHz)",Yes,20,2,10,1,59.8,62.4,Intel Xeon Silver 4114
Cisco Systems,"Cisco UCS C240 M5 (Intel Xeon Silver 4112, 2.60GHz)",Yes,8,2,4,1,56.5,58.8,Intel Xeon Silver 4112
Cisco Systems,"Cisco UCS C220 M5 (Intel Xeon Platinum 8176, 2.10 GHz)",Yes,56,2,28,1,80.2,83.1,Intel Xeon Platinum 8176
Cisco Systems,"Cisco UCS C220 M5 (Intel Xeon Platinum 8156, 3.60 GHz)",Yes,8,2,4,1,69.8,73.2,Intel Xeon Platinum 8156
Cisco Systems,"Cisco UCS C220 M5 (Intel Xeon Gold 6148, 2.40 GHz)",Yes,40,2,20,1,76.1,79.3,Intel Xeon Gold 6148
Cisco Systems,"Cisco UCS C220 M5 (Intel Xeon Gold 6132, 2.60 GHz)",Yes,28,2,14,1,74.1,77.6,Intel Xeon Gold 6132
Cisco Systems,"Cisco UCS C220 M5 (Intel Xeon Platinum 8160, 2.10 GHz)",Yes,48,2,24,1,77.2,80.3,Intel Xeon Platinum 8160
Cisco Systems,"Cisco UCS C220 M5 (Intel Xeon Gold 6136, 3.00 GHz)",Yes,24,2,12,1,75.7,79.3,Intel Xeon Gold 6136
Cisco Systems,"Cisco UCS C220 M5 (Intel Xeon Gold 5120, 2.20 GHz)",Yes,28,2,14,1,65.4,68.5,Intel Xeon Gold 5120
Cisco Systems,"Cisco UCS C220 M5 (Intel Xeon Platinum 8158, 3.00 GHz)",Yes,24,2,12,1,75.5,78.8,Intel Xeon Platinum 8158
Cisco Systems,"Cisco UCS B200 M5 (Intel Xeon Gold 6148, 2.40 GHz)",Yes,40,2,20,1,76.1,Not Run,Intel Xeon Gold 6148
Dell Inc.,"PowerEdge R940 (Intel Xeon Platinum 8176, 2.10 GHz)",Yes,112,4,28,2,70.5,73.5,Intel Xeon Platinum 8176
Dell Inc.,"PowerEdge R940 (Intel Xeon Platinum 8180, 2.50 GHz)",Yes,112,4,28,2,78.5,Not Run,Intel Xeon Platinum 8180
Dell Inc.,"PowerEdge R740 (Intel Xeon Platinum 8176, 2.10 GHz)",Yes,56,2,28,2,78.6,82.2,Intel Xeon Platinum 8176
Dell Inc.,"PowerEdge C6420 (Intel Xeon Bronze 3106, 1.70 GHz)",Yes,16,2,8,1,35.0,36.3,Intel Xeon Bronze 3106
Dell Inc.,"PowerEdge C6420 (Intel Xeon Silver 4108, 1.80 GHz)",Yes,16,2,8,2,56.3,58.7,Intel Xeon Silver 4108
Dell Inc.,"PowerEdge C6420 (Intel Xeon Platinum 8164, 2.00 GHz)",Yes,52,2,26,2,49.7,55.6,Intel Xeon Platinum 8164
Dell Inc.,"PowerEdge C6420 (Intel Xeon Platinum 8168, 2.70 GHz)",Yes,48,2,24,2,71.5,75.0,Intel Xeon Platinum 8168
Dell Inc.,"PowerEdge C6420 (Intel Xeon Gold 5122, 3.60 GHz)",Yes,8,2,4,2,65.9,69.1,Intel Xeon Gold 5122
Dell Inc.,"PowerEdge C6420 (Intel Xeon Gold 6138F, 2.00 GHz)",Yes,40,2,20,2,45.8,51.1,Intel Xeon Gold 6138F
Dell Inc.,"PowerEdge C6420 (Intel Xeon Gold 6130, 2.10 GHz)",Yes,32,2,16,2,70.1,73.1,Intel Xeon Gold 6130
Dell Inc.,"PowerEdge C6420 (Intel Xeon Gold 6144, 3.50 GHz)",Yes,16,2,8,2,47.4,52.9,Intel Xeon Gold 6144
Dell Inc.,"PowerEdge C6420 (Intel Xeon Gold 6150, 2.70 GHz)",Yes,36,2,18,2,70.2,73.7,Intel Xeon Gold 6150
Dell Inc.,"PowerEdge C6420 (Intel Xeon Gold 6134, 3.20 GHz)",Yes,16,2,8,2,44.0,48.9,Intel Xeon Gold 6134
Dell Inc.,"PowerEdge C6420 (Intel Xeon Silver 4114, 2.20 GHz)",Yes,20,2,10,2,58.1,60.7,Intel Xeon Silver 4114
Dell Inc.,"PowerEdge C6420 (Intel Xeon Gold 6138, 2.00 GHz)",Yes,40,2,20,2,72.7,76.0,Intel Xeon Gold 6138
Dell Inc.,"PowerEdge C6420 (Intel Xeon Gold 5118, 2.30 GHz)",Yes,24,2,12,2,60.4,63.1,Intel Xeon Gold 5118
Dell Inc.,"PowerEdge C6420 (Intel Xeon Silver 4108, 1.80 GHz)",Yes,16,2,8,2,56.3,58.7,Intel Xeon Silver 4108
Dell Inc.,"PowerEdge C6420 (Intel Xeon Gold 5115, 2.40 GHz)",Yes,20,2,10,2,61.5,64.3,Intel Xeon Gold 5115
Dell Inc.,"PowerEdge C6420 (Intel Xeon Silver 4110, 2.10 GHz)",Yes,16,2,8,2,56.5,59.0,Intel Xeon Silver 4110
Dell Inc.,"PowerEdge C6420 (Intel Xeon Gold 6126F, 2.60 GHz)",Yes,24,2,12,2,71.3,74.7,Intel Xeon Gold 6126F
Dell Inc.,"PowerEdge C6420 (Intel Xeon Bronze 3104, 1.70 GHz)",Yes,12,2,6,1,33.8,33.7,Intel Xeon Bronze 3104
Dell Inc.,"PowerEdge C6420 (Intel Xeon Silver 4110, 2.10 GHz)",Yes,16,2,8,2,56.5,59.0,Intel Xeon Silver 4110
Dell Inc.,"PowerEdge C6420 (Intel Xeon Platinum 8168, 2.70 GHz)",Yes,48,2,24,2,71.5,74.9,Intel Xeon Platinum 8168
Dell Inc.,"PowerEdge R740 (Intel Xeon Silver 4116, 2.10 GHz)",Yes,24,2,12,2,56.9,59.4,Intel Xeon Silver 4116
Dell Inc.,"PowerEdge C6420 (Intel Xeon Gold 5122, 3.60 GHz)",Yes,8,2,4,2,39.5,43.0,Intel Xeon Gold 5122
Dell Inc.,"PowerEdge C6420 (Intel Xeon Gold 6126, 2.60 GHz)",Yes,24,2,12,2,41.5,45.6,Intel Xeon Gold 6126
Dell Inc.,"PowerEdge C6420 (Intel Xeon Gold 6146, 3.20 GHz)",Yes,24,2,12,2,47.1,52.6,Intel Xeon Gold 6146
Dell Inc.,"PowerEdge C6420 (Intel Xeon Gold 6148F, 2.40 GHz)",Yes,40,2,20,2,45.1,50.0,Intel Xeon Gold 6148F
Dell Inc.,"PowerEdge C6420 (Intel Xeon Platinum 8156, 3.60 GHz)",Yes,8,2,4,2,40.6,44.3,Intel Xeon Platinum 8156
Dell Inc.,"PowerEdge C6420 (Intel Xeon Silver 4109T, 2.00 GHz)",Yes,16,2,8,2,56.5,59.0,Intel Xeon Silver 4109T
Dell Inc.,"PowerEdge C6420 (Intel Xeon Gold 6126F, 2.60 GHz)",Yes,24,2,12,2,71.3,74.7,Intel Xeon Gold 6126F
Dell Inc.,"PowerEdge C6420 (Intel Xeon Gold 6150, 2.70 GHz)",Yes,36,2,18,2,70.2,73.7,Intel Xeon Gold 6150
Dell Inc.,"PowerEdge C6420 (Intel Xeon Gold 5118, 2.30 GHz)",Yes,24,2,12,2,60.4,63.1,Intel Xeon Gold 5118
Dell Inc.,"PowerEdge C6420 (Intel Xeon Gold 6128, 3.40 GHz)",Yes,12,2,6,2,70.8,74.5,Intel Xeon Gold 6128
Dell Inc.,"PowerEdge C6420 (Intel Xeon Silver 4112, 2.60 GHz)",Yes,8,2,4,2,29.1,31.8,Intel Xeon Silver 4112
Dell Inc.,"PowerEdge R740 (Intel Xeon Gold 5120, 2.20 GHz)",Yes,28,2,14,2,62.9,66.1,Intel Xeon Gold 5120
Dell Inc.,"PowerEdge R740 (Intel Xeon Gold 6146, 3.20 GHz)",Yes,24,2,12,2,81.8,85.4,Intel Xeon Gold 6146
Dell Inc.,"PowerEdge R740 (Intel Xeon Gold 6144, 3.50 GHz)",Yes,16,2,8,2,81.9,85.8,Intel Xeon Gold 6144
Dell Inc.,"PowerEdge M640 (Intel Xeon Silver 4114, 2.20 GHz)",Yes,20,2,10,2,58.4,60.8,Intel Xeon Silver 4114
Dell Inc.,"PowerEdge M640 (Intel Xeon Silver 4110, 2.10 GHz)",Yes,16,2,8,2,57.0,59.4,Intel Xeon Silver 4110
Dell Inc.,"PowerEdge M640 (Intel Xeon Silver 4109T, 2.00 GHz)",Yes,16,2,8,2,57.0,59.2,Intel Xeon Silver 4109T
Dell Inc.,"PowerEdge M640 (Intel Xeon Silver 4108, 1.80 GHz)",Yes,16,2,8,2,56.7,59.0,Intel Xeon Silver 4108
Dell Inc.,"PowerEdge M640 (Intel Xeon Bronze 3106, 1.70 GHz)",Yes,16,2,8,1,35.3,36.6,Intel Xeon Bronze 3106
Dell Inc.,"PowerEdge M640 (Intel Xeon Bronze 3104, 1.70 GHz)",Yes,12,2,6,1,34.3,35.4,Intel Xeon Bronze 3104
Dell Inc.,"PowerEdge FC640 (Intel Xeon Gold 6142, 2.60 GHz)",Yes,32,2,16,2,74.1,77.3,Intel Xeon Gold 6142
Dell Inc.,"PowerEdge FC640 (Intel Xeon Gold 6136, 3.00 GHz)",Yes,24,2,12,2,74.6,78.0,Intel Xeon Gold 6136
Dell Inc.,"PowerEdge FC640 (Intel Xeon Gold 6140, 2.30 GHz)",Yes,36,2,18,2,70.8,74.2,Intel Xeon Gold 6140
Dell Inc.,"PowerEdge M640 (Intel Xeon Gold 5120, 2.20 GHz)",Yes,28,2,14,2,64.0,66.9,Intel Xeon Gold 5120
Dell Inc.,"PowerEdgeFC640 (Intel Xeon Silver 4109T, 2.00 GHz)",Yes,16,2,8,2,57.4,59.6,Intel Xeon Silver 4109T
Dell Inc.,"PowerEdge FC640 (Intel Xeon Silver 4108, 1.80 GHz)",Yes,16,2,8,2,55.2,57.4,Intel Xeon Silver 4108
Dell Inc.,"PowerEdge M640 (Intel Xeon Gold 6148, 2.40 GHz)",Yes,40,2,20,2,73.4,76.4,Intel Xeon Gold 6148
Dell Inc.,"PowerEdge M640 (Intel Xeon Gold 6128, 3.40 GHz)",Yes,12,2,6,2,72.0,75.2,Intel Xeon Gold 6128
Dell Inc.,"PowerEdge M640 (Intel Xeon Gold 5122, 3.60 GHz)",Yes,8,2,4,2,69.8,73.2,Intel Xeon Gold 5122
Dell Inc.,"PowerEdge M640 (Intel Xeon Gold 5120, 2.20 GHz)",Yes,28,2,14,2,63.2,66.5,Intel Xeon Gold 5120
Dell Inc.,"PowerEdge M640 (Intel Xeon Gold 5115, 2.40 GHz)",Yes,20,2,10,2,62.3,64.8,Intel Xeon Gold 5115
Dell Inc.,"PowerEdge M640 (Intel Xeon Silver 4116, 2.10 GHz)",Yes,24,2,12,2,58.9,61.5,Intel Xeon Silver 4116
Dell Inc.,"PowerEdge T440 (Intel Xeon Gold 5122, 3.60 GHz)",Yes,8,2,4,2,69.9,73.4,Intel Xeon Gold 5122
Dell Inc.,"PowerEdge R440 (Intel Xeon Bronze 3106, 1.70 GHz)",Yes,16,2,8,1,36.7,Not Run,Intel Xeon Bronze 3106
Dell Inc.,"PowerEdge R440 (Intel Xeon Silver 4116, 2.10 GHz)",Yes,24,2,12,2,59.1,61.9,Intel Xeon Silver 4116
Dell Inc.,"PowerEdge R440 (Intel Xeon Gold 5122, 3.60 GHz)",Yes,8,2,4,2,69.9,73.2,Intel Xeon Gold 5122
Dell Inc.,"PowerEdge R440 (Intel Xeon Gold 6152, 2.10 GHz)",Yes,44,2,22,2,74.5,78.0,Intel Xeon Gold 6152
Dell Inc.,"PowerEdge R540 (Intel Xeon Bronze 3106, 1.70 GHz)",Yes,16,2,8,1,36.8,Not Run,Intel Xeon Bronze 3106
Dell Inc.,"PowerEdge R540 (Intel Xeon Silver 4116, 2.10 GHz)",Yes,24,2,12,2,59.1,Not Run,Intel Xeon Silver 4116
Dell Inc.,"PowerEdge R540 (Intel Xeon Gold 5122, 3.60 GHz)",Yes,8,2,4,2,70.0,Not Run,Intel Xeon Gold 5122
Dell Inc.,"PowerEdge R540 (Intel Xeon Gold 6138, 2.00 GHz)",Yes,40,2,20,2,73.4,Not Run,Intel Xeon Gold 6138
Dell Inc.,"PowerEdge R940 (Intel Xeon Gold 6144, 3.50 GHz)",Yes,32,4,8,2,82.0,86.2,Intel Xeon Gold 6144
Dell Inc.,"PowerEdge R940 (Intel Xeon Gold 6146, 3.20 GHz)",Yes,48,4,12,2,79.6,83.8,Intel Xeon Gold 6146
Dell Inc.,"PowerEdge T440 (Intel Xeon Bronze 3106, 1.70 GHz)",Yes,16,2,8,1,36.7,38.0,Intel Xeon Bronze 3106
Dell Inc.,"PowerEdge T440 (Intel Xeon Silver 4116, 2.10 GHz)",Yes,24,2,12,2,59.3,61.8,Intel Xeon Silver 4116
Dell Inc.,"PowerEdge FC640 (Intel Xeon Silver 4114, 2.20 GHz)",Yes,20,2,10,2,58.4,60.8,Intel Xeon Silver 4114
Dell Inc.,"PowerEdge FC640 (Intel Xeon Platinum 8176, 2.10 GHz)",Yes,56,2,28,2,78.6,81.3,Intel Xeon Platinum 8176
H3C,H3C UniServer R4900 G3 (Intel Xeon Gold 6140),Yes,36,2,18,1,74.5,77.8,Intel Xeon Gold 6140
H3C,H3C UniServer R4900 G3 (Intel Xeon Platinum 8180),Yes,56,2,28,1,79.6,82.8,Intel Xeon Platinum 8180
H3C,H3C UniServer R4900 G3 (Intel Xeon Platinum 8164),Yes,52,2,26,1,77.4,80.2,Intel Xeon Platinum 8164
HPE,"ProLiant DL360 Gen9 (3.00 GHz, Intel Xeon E5-2687W v4)",Yes,24,2,12,1,68.1,71.7,Intel Xeon E5-2687W v4
HPE,"ProLiant DL380 Gen10 (2.50 GHz, Intel Xeon Platinum 8180)",Yes,56,2,28,1,81.6,Not Run,Intel Xeon Platinum 8180
HPE,"ProLiant DL560 Gen10 (2.50 GHz, Intel Xeon Platinum 8180)",Yes,112,4,28,1,81.1,Not Run,Intel Xeon Platinum 8180
HPE,"ProLiant DL360 Gen10 (2.50 GHz, Intel Xeon Platinum 8180)",Yes,56,2,28,1,81.6,Not Run,Intel Xeon Platinum 8180
HPE,"ProLiant DL380 Gen10 (2.50 GHz, Intel Xeon Platinum 8180)",Yes,28,1,28,1,81.0,Not Run,Intel Xeon Platinum 8180
HPE,"ProLiant BL460c Gen10 (2.00 GHz, Intel Xeon Platinum 8164)",Yes,52,2,26,1,75.7,78.6,Intel Xeon Platinum 8164
Huawei,Huawei CH242 V3 (Intel Xeon E7-4820 v4),Yes,40,4,10,1,40.7,43.0,Intel Xeon E7-4820 v4
Huawei,Huawei CH121 V5 (Intel Xeon Platinum 8180),Yes,56,2,28,1,83.2,85.9,Intel Xeon Platinum 8180
Huawei,Huawei 2288H V5 (Intel Xeon Platinum 8180),Yes,56,2,28,1,83.2,86.0,Intel Xeon Platinum 8180
Huawei,Huawei 2488H V5 (Intel Xeon Platinum 8180),Yes,112,4,28,1,80.3,82.6,Intel Xeon Platinum 8180
Huawei,Huawei 8100 V5 (Intel Xeon Platinum 8180),Yes,224,8,28,1,74.1,76.9,Intel Xeon Platinum 8180
Huawei,Huawei 1288H V5 (Intel Xeon Platinum 8180),Yes,56,2,28,1,83.2,86.0,Intel Xeon Platinum 8180
Huawei,Huawei CH121 V5 (Intel Xeon Platinum 8170),Yes,52,2,26,1,78.7,81.8,Intel Xeon Platinum 8170
Huawei,Huawei 1288H V5 (Intel Xeon Platinum 8170),Yes,52,2,26,1,78.8,81.7,Intel Xeon Platinum 8170
Huawei,Huawei 2288H V5 (Intel Xeon Platinum 8170),Yes,52,2,26,1,78.7,81.6,Intel Xeon Platinum 8170
Huawei,Huawei CH121 V5 (Intel Xeon Platinum 8168),Yes,48,2,24,1,78.2,81.4,Intel Xeon Platinum 8168
Huawei,Huawei 2288H V5 (Intel Xeon Platinum 8168),Yes,48,2,24,1,78.1,81.4,Intel Xeon Platinum 8168
Huawei,Huawei 1288H V5 (Intel Xeon Platinum 8168),Yes,48,2,24,1,78.0,80.9,Intel Xeon Platinum 8168
Huawei,Huawei 2288H V5 (Intel Xeon Platinum 8160),Yes,48,2,24,1,77.1,79.9,Intel Xeon Platinum 8160
Huawei,Huawei CH121 V5 (Intel Xeon Platinum 8160),Yes,48,2,24,1,77.6,80.5,Intel Xeon Platinum 8160
Huawei,Huawei 1288H V5 (Intel Xeon Platinum 8160),Yes,48,2,24,1,77.1,80.2,Intel Xeon Platinum 8160
Huawei,Huawei 1288H V5 (Intel Xeon Gold 6154),Yes,36,2,18,1,76.9,80.0,Intel Xeon Gold 6154
Huawei,Huawei CH121 V5 (Intel Xeon Gold 6154),Yes,36,2,18,1,76.7,79.8,Intel Xeon Gold 6154
Huawei,Huawei 2288H V5 (Intel Xeon Gold 6154),Yes,36,2,18,1,76.9,80.0,Intel Xeon Gold 6154
Huawei,Huawei CH121 V5 (Intel Xeon Gold 6152),Yes,44,2,22,1,77.0,80.0,Intel Xeon Gold 6152
Huawei,Huawei 1288H V5 (Intel Xeon Gold 6152),Yes,44,2,22,1,77.0,80.1,Intel Xeon Gold 6152
Huawei,Huawei 2288H V5 (Intel Xeon Gold 6152),Yes,44,2,22,1,77.0,80.0,Intel Xeon Gold 6152
Huawei,Huawei 2288H V5 (Intel Xeon Gold 6148),Yes,40,2,20,1,77.7,80.8,Intel Xeon Gold 6148
Huawei,Huawei 1288H V5 (Intel Xeon Gold 6148),Yes,40,2,20,1,77.8,80.5,Intel Xeon Gold 6148
Huawei,Huawei CH121 V5 (Intel Xeon Gold 6148),Yes,40,2,20,1,77.7,80.6,Intel Xeon Gold 6148
Huawei,Huawei 1288H V5 (Intel Xeon Gold 6142),Yes,32,2,16,1,75.5,78.9,Intel Xeon Gold 6142
Huawei,Huawei 2288H V5 (Intel Xeon Gold 6142),Yes,32,2,16,1,75.4,79.0,Intel Xeon Gold 6142
Huawei,Huawei CH121 V5 (Intel Xeon Gold 6142),Yes,32,2,16,1,75.4,78.9,Intel Xeon Gold 6142
Huawei,Huawei 2288H V5 (Intel Xeon Gold 6140),Yes,36,2,18,1,76.3,79.6,Intel Xeon Gold 6140
Huawei,Huawei CH121 V5 (Intel Xeon Gold 6140),Yes,36,2,18,1,76.4,79.6,Intel Xeon Gold 6140
Huawei,Huawei 1288H V5 (Intel Xeon Gold 6140),Yes,36,2,18,1,76.5,79.7,Intel Xeon Gold 6140
Huawei,Huawei 2288H V5 (Intel Xeon Gold 6138),Yes,40,2,20,1,75.6,78.8,Intel Xeon Gold 6138
Huawei,Huawei 1288H V5 (Intel Xeon Gold 6138),Yes,40,2,20,1,75.8,78.8,Intel Xeon Gold 6138
Huawei,Huawei CH121 V5 (Intel Xeon Gold 6138),Yes,40,2,20,1,75.8,79.0,Intel Xeon Gold 6138
Huawei,Huawei 2288H V5 (Intel Xeon Gold 6136),Yes,24,2,12,1,76.8,80.0,Intel Xeon Gold 6136
Huawei,Huawei CH121 V5 (Intel Xeon Gold 6136),Yes,24,2,12,1,76.8,80.0,Intel Xeon Gold 6136
Huawei,Huawei 1288H V5 (Intel Xeon Gold 6136),Yes,24,2,12,1,76.5,79.6,Intel Xeon Gold 6136
Huawei,Huawei 2288H V5 (Intel Xeon Gold 6134),Yes,16,2,8,1,73.8,76.9,Intel Xeon Gold 6134
Huawei,Huawei CH121 V5 (Intel Xeon Gold 6134),Yes,16,2,8,1,73.6,76.5,Intel Xeon Gold 6134
Huawei,Huawei 1288H V5 (Intel Xeon Gold 6134),Yes,16,2,8,1,73.6,76.8,Intel Xeon Gold 6134
Huawei,Huawei CH121 V5 (Intel Xeon Platinum 8176),Yes,56,2,28,1,80.7,83.7,Intel Xeon Platinum 8176
Huawei,Huawei 2288H V5 (Intel Xeon Platinum 8176),Yes,56,2,28,1,80.9,83.8,Intel Xeon Platinum 8176
Huawei,Huawei 1288H V5 (Intel Xeon Platinum 8176),Yes,56,2,28,1,80.6,83.5,Intel Xeon Platinum 8176
Huawei,Huawei CH121 V5 (Intel Xeon Gold 6132),Yes,28,2,14,1,73.8,77.1,Intel Xeon Gold 6132
Huawei,Huawei 1288H V5 (Intel Xeon Gold 6132),Yes,28,2,14,1,73.8,77.0,Intel Xeon Gold 6132
Huawei,Huawei 2288H V5 (Intel Xeon Gold 6132),Yes,28,2,14,1,73.9,77.1,Intel Xeon Gold 6132
Huawei,Huawei 2288H V5 (Intel Xeon Gold 6130),Yes,32,2,16,1,74.8,78.4,Intel Xeon Gold 6130
Huawei,Huawei CH121 V5 (Intel Xeon Gold 6130),Yes,32,2,16,1,75.1,78.7,Intel Xeon Gold 6130
Huawei,Huawei 1288H V5 (Intel Xeon Gold 6130),Yes,32,2,16,1,74.8,78.3,Intel Xeon Gold 6130
Huawei,Huawei 2288H V5 (Intel Xeon Gold 6128),Yes,12,2,6,1,71.2,74.8,Intel Xeon Gold 6128
Huawei,Huawei CH121 V5 (Intel Xeon Gold 6128),Yes,12,2,6,1,71.4,74.9,Intel Xeon Gold 6128
Huawei,Huawei 1288H V5 (Intel Xeon Gold 6128),Yes,12,2,6,1,71.4,74.9,Intel Xeon Gold 6128
Huawei,Huawei CH121 V5 (Intel Xeon Gold 6126),Yes,24,2,12,1,73.7,77.0,Intel Xeon Gold 6126
Huawei,Huawei 1288H V5 (Intel Xeon Gold 6126),Yes,24,2,12,1,73.5,76.8,Intel Xeon Gold 6126
Huawei,Huawei 2288H V5 (Intel Xeon Gold 6126),Yes,24,2,12,1,73.5,76.7,Intel Xeon Gold 6126
Huawei,Huawei 2288H V5 (Intel Xeon Gold 5122),Yes,8,2,4,1,70.0,73.1,Intel Xeon Gold 5122
Huawei,Huawei CH121 V5 (Intel Xeon Gold 5122),Yes,8,2,4,1,70.2,73.5,Intel Xeon Gold 5122
Huawei,Huawei 1288H V5 (Intel Xeon Gold 5122),Yes,8,2,4,1,70.3,73.2,Intel Xeon Gold 5122
Huawei,Huawei 1288H V5 (Intel Xeon Gold 5120),Yes,28,2,14,1,65.2,68.1,Intel Xeon Gold 5120
Huawei,Huawei 2288H V5 (Intel Xeon Gold 5120),Yes,28,2,14,1,65.3,68.1,Intel Xeon Gold 5120
Huawei,Huawei CH121 V5 (Intel Xeon Gold 5120),Yes,28,2,14,1,65.5,68.3,Intel Xeon Gold 5120
Huawei,Huawei 1288H V5 (Intel Xeon Gold 6150),Yes,36,2,18,1,75.9,79.1,Intel Xeon Gold 6150
Huawei,Huawei 2288H V5 (Intel Xeon Gold 6150),Yes,36,2,18,1,75.9,79.1,Intel Xeon Gold 6150
Huawei,Huawei CH121 V5 (Intel Xeon Gold 6150),Yes,36,2,18,1,76.0,79.4,Intel Xeon Gold 6150
Huawei,Huawei CH121 V5 (Intel Xeon Gold 5118),Yes,24,2,12,1,63.9,67.0,Intel Xeon Gold 5118
Huawei,Huawei 2288H V5 (Intel Xeon Gold 5118),Yes,24,2,12,1,63.9,67.0,Intel Xeon Gold 5118
Huawei,Huawei 1288H V5 (Intel Xeon Gold 5118),Yes,24,2,12,1,64.0,67.0,Intel Xeon Gold 5118
Huawei,Huawei CH121 V5 (Intel Xeon Gold 5115),Yes,20,2,10,1,63.5,66.2,Intel Xeon Gold 5115
Huawei,Huawei 2288H V5 (Intel Xeon Gold 5115),Yes,20,2,10,1,63.5,66.2,Intel Xeon Gold 5115
Huawei,Huawei 1288H V5 (Intel Xeon Gold 5115),Yes,20,2,10,1,63.7,66.4,Intel Xeon Gold 5115
Huawei,Huawei 1288H V5 (Intel Xeon Platinum 8153),Yes,32,2,16,1,59.7,62.1,Intel Xeon Platinum 8153
Huawei,Huawei CH121 V5 (Intel Xeon Platinum 8153),Yes,32,2,16,1,59.8,62.3,Intel Xeon Platinum 8153
Huawei,Huawei 2288H V5 (Intel Xeon Platinum 8153),Yes,32,2,16,1,59.7,62.3,Intel Xeon Platinum 8153
Huawei,Huawei CH121 V5 (Intel Xeon Platinum 8156),Yes,8,2,4,1,69.7,72.7,Intel Xeon Platinum 8156
Huawei,Huawei 1288H V5 (Intel Xeon Platinum 8156),Yes,8,2,4,1,69.7,72.8,Intel Xeon Platinum 8156
Huawei,Huawei 2288H V5 (Intel Xeon Platinum 8156),Yes,8,2,4,1,69.5,72.8,Intel Xeon Platinum 8156
Huawei,Huawei 2288H V5 (Intel Xeon Platinum 8164),Yes,52,2,26,1,77.8,81.2,Intel Xeon Platinum 8164
Huawei,Huawei 1288H V5 (Intel Xeon Platinum 8164),Yes,52,2,26,1,77.9,81.0,Intel Xeon Platinum 8164
Huawei,Huawei CH121 V5 (Intel Xeon Platinum 8164),Yes,52,2,26,1,78.0,81.2,Intel Xeon Platinum 8164
Huawei,Huawei 1288H V5 (Intel Xeon Silver 4114),Yes,20,2,10,1,59.2,61.8,Intel Xeon Silver 4114
Huawei,Huawei 2288H V5 (Intel Xeon Silver 4114),Yes,20,2,10,1,59.2,61.8,Intel Xeon Silver 4114
Huawei,Huawei CH121 V5 (Intel Xeon Silver 4114),Yes,20,2,10,1,59.2,61.8,Intel Xeon Silver 4114
Huawei,Huawei CH242 V3 (Intel Xeon E7-8894 v4),Yes,96,4,24,1,69.5,72.2,Intel Xeon E7-8894 v4
Huawei,Huawei 1288H V5 (Intel Xeon Silver 4112),Yes,8,2,4,1,55.9,58.3,Intel Xeon Silver 4112
Huawei,Huawei 2288H V5 (Intel Xeon Silver 4112),Yes,8,2,4,1,55.7,58.0,Intel Xeon Silver 4112
Huawei,Huawei CH121 V5 (Intel Xeon Silver 4112),Yes,8,2,4,1,55.9,58.2,Intel Xeon Silver 4112
Huawei,Huawei 1288H V5 (Intel Xeon Silver 4110),Yes,16,2,8,1,57.9,60.4,Intel Xeon Silver 4110
Huawei,Huawei 2288H V5 (Intel Xeon Silver 4110),Yes,16,2,8,1,57.8,60.4,Intel Xeon Silver 4110
Huawei,Huawei CH121 V5 (Intel Xeon Silver 4110),Yes,16,2,8,1,57.7,60.3,Intel Xeon Silver 4110
Huawei,Huawei CH121 V5 (Intel Xeon Bronze 3106),Yes,16,2,8,1,36.4,37.7,Intel Xeon Bronze 3106
Huawei,Huawei 1288H V5 (Intel Xeon Bronze 3106),Yes,16,2,8,1,36.1,37.6,Intel Xeon Bronze 3106
Huawei,Huawei 2288H V5 (Intel Xeon Bronze 3106),Yes,16,2,8,1,36.5,37.7,Intel Xeon Bronze 3106
Huawei,Huawei 1288H V5 (Intel Xeon Bronze 3104),Yes,12,2,6,1,35.6,36.7,Intel Xeon Bronze 3104
Huawei,Huawei 2288H V5 (Intel Xeon Bronze 3104),Yes,12,2,6,1,35.5,36.6,Intel Xeon Bronze 3104
Huawei,Huawei CH121 V5 (Intel Xeon Bronze 3104),Yes,12,2,6,1,35.6,36.7,Intel Xeon Bronze 3104
Huawei,Huawei 1288H V5 (Intel Xeon Silver 4108),Yes,16,2,8,1,57.2,59.7,Intel Xeon Silver 4108
Huawei,Huawei 2288H V5 (Intel Xeon Silver 4108),Yes,16,2,8,1,57.2,59.8,Intel Xeon Silver 4108
Huawei,Huawei CH121 V5 (Intel Xeon Silver 4108),Yes,16,2,8,1,57.3,59.9,Intel Xeon Silver 4108
Huawei,Huawei CH121 V5 (Intel Xeon Silver 4116),Yes,24,2,12,1,60.7,63.2,Intel Xeon Silver 4116
Huawei,Huawei 1288H V5 (Intel Xeon Silver 4116),Yes,24,2,12,1,60.5,63.2,Intel Xeon Silver 4116
Huawei,Huawei 2288H V5 (Intel Xeon Silver 4116),Yes,24,2,12,1,60.6,63.1,Intel Xeon Silver 4116
Huawei,Huawei 2288H V5 (Intel Xeon Gold 6144),Yes,16,2,8,1,82.1,85.8,Intel Xeon Gold 6144
Inspur Corporation,Inspur NF5280M4 (Intel Xeon E5-2698 v4),Yes,40,2,20,1,70.5,73.2,Intel Xeon E5-2698 v4
Inspur Corporation,Inspur NF5180M4 (Intel Xeon E5-2630 v4),Yes,20,2,10,1,60.4,63.7,Intel Xeon E5-2630 v4
Inspur Corporation,Inspur NF5180M4 (Intel Xeon E5-2640 v4),Yes,20,2,10,1,65.0,68.8,Intel Xeon E5-2640 v4
Inspur Corporation,Inspur NF5280M4 (Intel Xeon E5-2640 v4),Yes,20,2,10,2,64.6,68.3,Intel Xeon E5-2640 v4
Inspur Corporation,Inspur NF5170M4 (Intel Xeon E5-2640 v4),Yes,20,2,10,2,63.2,66.7,Intel Xeon E5-2640 v4
Inspur Corporation,Inspur NF5180M4 (Intel Xeon E5-2630 v4),Yes,20,2,10,1,60.3,63.7,Intel Xeon E5-2630 v4
Inspur Corporation,Inspur NF5270M4 (Intel Xeon E5-2620 v4),Yes,16,2,8,2,58.6,62.0,Intel Xeon E5-2620 v4
Inspur Corporation,Inspur NF5280M4 (Intel Xeon E5-2620 v4),Yes,16,2,8,2,59.1,62.5,Intel Xeon E5-2620 v4
Inspur Corporation,Inspur NF5180M4 (Intel Xeon E5-2620 v4),Yes,16,2,8,2,59.1,62.3,Intel Xeon E5-2620 v4
Inspur Corporation,Inspur NF5270M4 (Intel Xeon E5-2630 v4),Yes,20,2,10,1,60.3,63.5,Intel Xeon E5-2630 v4
Inspur Corporation,Inspur NF5280M4 (Intel Xeon E5-2620 v4),Yes,16,2,8,1,60.0,63.4,Intel Xeon E5-2620 v4
Inspur Corporation,Inspur NF5170M4 (Intel Xeon E5-2630 v4),Yes,20,2,10,1,60.3,63.6,Intel Xeon E5-2630 v4
Inspur Corporation,Inspur NF5180M4 (Intel Xeon E5-2640 v4),Yes,20,2,10,1,65.0,68.6,Intel Xeon E5-2640 v4
Inspur Corporation,Inspur NF5270M4 (Intel Xeon E5-2640 v4),Yes,20,2,10,1,65.0,68.7,Intel Xeon E5-2640 v4
Inspur Corporation,Inspur NF5180M4 (Intel Xeon E5-2620 v4),Yes,16,2,8,1,60.0,63.4,Intel Xeon E5-2620 v4
Inspur Corporation,Inspur NF5270M4 (Intel Xeon E5-2620 v4),Yes,16,2,8,1,60.0,63.4,Intel Xeon E5-2620 v4
Inspur Corporation,Inspur NF5170M4 (Intel Xeon E5-2620 v4),Yes,16,2,8,2,60.1,63.4,Intel Xeon E5-2620 v4
Inspur Corporation,Inspur NF5280M4 (Intel Xeon E5-2630 v4),Yes,20,2,10,1,60.5,63.7,Intel Xeon E5-2630 v4
Inspur Corporation,Inspur NF5280M4 (Intel Xeon E5-2640 v4),Yes,20,2,10,1,65.0,68.8,Intel Xeon E5-2640 v4
Inspur Corporation,Inspur NF5280M4 (Intel Xeon E5-2620 v4),Yes,16,2,8,1,60.2,63.6,Intel Xeon E5-2620 v4
Lenovo Global Technology,"ThinkSystem ST550 (2.00 GHz, Intel Xeon Gold 6138)",Yes,40,2,20,1,76.3,79.6,Intel Xeon Gold 6138
Lenovo Global Technology,"ThinkSystem SR530 (2.00 GHz, Intel Xeon Gold 6138)",Yes,40,2,20,1,76.3,79.4,Intel Xeon Gold 6138
Lenovo Global Technology,"ThinkSystem SR550 (2.00 GHz, Intel Xeon Gold 6138)",Yes,40,2,20,1,76.2,79.6,Intel Xeon Gold 6138
Lenovo Global Technology,"ThinkSystem SR850 (2.10 GHz, Intel Xeon Platinum 8176)",Yes,112,4,28,1,80.0,83.0,Intel Xeon Platinum 8176
Lenovo Global Technology,"ThinkSystem SN550 (2.10 GHz, Intel Xeon Platinum 8176)",Yes,56,2,28,1,80.3,83.4,Intel Xeon Platinum 8176
Lenovo Global Technology,"ThinkSystem SN850 (2.10 GHz, Intel Xeon Platinum 8176)",Yes,112,4,28,1,79.8,83.0,Intel Xeon Platinum 8176
Lenovo Global Technology,"ThinkSystem SD530 (2.10 GHz, Intel Xeon Platinum 8176)",Yes,28,1,28,1,80.2,82.7,Intel Xeon Platinum 8176
Lenovo Global Technology,"ThinkSystem SD530 (2.10 GHz, Intel Xeon Platinum 8176)",Yes,56,2,28,1,81.2,83.9,Intel Xeon Platinum 8176
Lenovo Global Technology,"ThinkSystem SR630 (2.50 GHz, Intel Xeon Platinum 8180)",Yes,56,2,28,1,81.1,84.0,Intel Xeon Platinum 8180
Lenovo Global Technology,"ThinkSystem SR630 (2.50 GHz, Intel Xeon Platinum 8180)",Yes,28,1,28,1,79.3,82.2,Intel Xeon Platinum 8180
Lenovo Global Technology,"ThinkSystem SR950 (2.50 GHz, Intel Xeon Platinum 8180)",Yes,112,4,28,1,80.9,83.8,Intel Xeon Platinum 8180
Lenovo Global Technology,"ThinkSystem SR950 (2.50 GHz, Intel Xeon Platinum 8180)",Yes,224,8,28,1,78.4,81.3,Intel Xeon Platinum 8180
Lenovo Global Technology,"ThinkSystem SR650 (2.50 GHz, Intel Xeon Platinum 8180)",Yes,56,2,28,1,81.2,84.1,Intel Xeon Platinum 8180
Lenovo Global Technology,"ThinkSystem SR650 (2.50 GHz, Intel Xeon Platinum 8180)",Yes,28,1,28,1,79.3,82.3,Intel Xeon Platinum 8180
Lenovo Global Technology,"Lenovo ThinkServer RS160 (3.00 GHz, Intel Xeon E3-1220 v6)",Yes,4,1,4,1,66.7,68.8,Intel Xeon E3-1220 v6
Lenovo Global Technology,"Lenovo ThinkServer RS160 (3.30 GHz, Intel Xeon E3-1225 v6)",Yes,4,1,4,1,70.0,72.4,Intel Xeon E3-1225 v6
Lenovo Global Technology,"Lenovo ThinkServer RS160 (3.50 GHz, Intel Xeon E3-1230 v6)",Yes,4,1,4,1,73.2,75.7,Intel Xeon E3-1230 v6
Lenovo Global Technology,"Lenovo ThinkServer RS160 (3.70 GHz, Intel Xeon E3-1240 v6)",Yes,4,1,4,1,76.6,79.3,Intel Xeon E3-1240 v6
Lenovo Global Technology,"Lenovo ThinkServer RS160 (3.80 GHz, Intel Xeon E3-1270 v6)",Yes,4,1,4,1,78.3,81.1,Intel Xeon E3-1270 v6
Lenovo Global Technology,"Lenovo ThinkServer TS460 (3.00 GHz, Intel Xeon E3-1220 v6)",Yes,4,1,4,1,66.8,68.9,Intel Xeon E3-1220 v6
Lenovo Global Technology,"Lenovo ThinkServer TS460 (3.30 GHz, Intel Xeon E3-1225 v6)",Yes,4,1,4,1,70.0,72.3,Intel Xeon E3-1225 v6
Lenovo Global Technology,"Lenovo ThinkServer TS460 (3.50 GHz, Intel Xeon E3-1230 v6)",Yes,4,1,4,1,73.2,75.6,Intel Xeon E3-1230 v6
Lenovo Global Technology,"Lenovo ThinkServer TS460 (3.70 GHz, Intel Xeon E3-1240 v6)",Yes,4,1,4,1,76.7,79.4,Intel Xeon E3-1240 v6
Lenovo Global Technology,"Lenovo ThinkServer TS460 (3.80 GHz, Intel Xeon E3-1270 v6)",Yes,4,1,4,1,78.3,81.0,Intel Xeon E3-1270 v6
Lenovo Global Technology,"Lenovo System x3250 M6 (3.00 GHz, Intel Xeon E3-1220 v6)",Yes,4,1,4,1,66.3,68.5,Intel Xeon E3-1220 v6
Lenovo Global Technology,"Lenovo System x3250 M6 (3.30 GHz, Intel Xeon E3-1225 v6)",Yes,4,1,4,1,69.5,71.6,Intel Xeon E3-1225 v6
Lenovo Global Technology,"Lenovo System x3250 M6 (3.50 GHz, Intel Xeon E3-1230 v6)",Yes,4,1,4,1,72.9,75.4,Intel Xeon E3-1230 v6
Lenovo Global Technology,"Lenovo System x3250 M6 (3.70 GHz, Intel Xeon E3-1240 v6)",Yes,4,1,4,1,76.3,78.9,Intel Xeon E3-1240 v6
Lenovo Global Technology,"Lenovo System x3250 M6 (3.80 GHz, Intel Xeon E3-1270 v6)",Yes,4,1,4,1,78.0,80.6,Intel Xeon E3-1270 v6
Lenovo Global Technology,"Lenovo ThinkServer TS150 (3.30 GHz, Intel Xeon E3-1225 v6)",Yes,4,1,4,1,69.7,72.1,Intel Xeon E3-1225 v6
Lenovo Global Technology,"Lenovo ThinkServer TS150 (3.70 GHz, Intel Xeon E3-1240 v6)",Yes,4,1,4,1,76.3,79.0,Intel Xeon E3-1240 v6
Lenovo Global Technology,"Lenovo ThinkServer TS150 (3.70 GHz, Intel Xeon E3-1245 v6)",Yes,4,1,4,1,76.4,78.8,Intel Xeon E3-1245 v6
Lenovo Global Technology,"Lenovo ThinkServer TS150 (3.80 GHz, Intel Xeon E3-1270 v6)",Yes,4,1,4,1,77.9,80.6,Intel Xeon E3-1270 v6
Lenovo Global Technology,"Lenovo ThinkServer TS150 (3.80 GHz, Intel Xeon E3-1275 v6)",Yes,4,1,4,1,78.1,80.7,Intel Xeon E3-1275 v6
Lenovo Global Technology,"Lenovo ThinkServer TS150 (3.00 GHz, Intel Xeon E3-1220 v6)",Yes,4,1,4,1,66.5,68.7,Intel Xeon E3-1220 v6
Lenovo Global Technology,"Lenovo ThinkServer TS150 (3.50 GHz, Intel Xeon E3-1230 v6)",Yes,4,1,4,1,72.9,75.5,Intel Xeon E3-1230 v6
Lenovo Global Technology,"ThinkSystem SR950 (2.60 GHz, Intel Xeon Gold 6126)",Yes,48,4,12,1,73.3,76.8,Intel Xeon Gold 6126
Lenovo Global Technology,"ThinkSystem SR950 (3.00 GHz, Intel Xeon Platinum 8158)",Yes,48,4,12,1,75.3,78.8,Intel Xeon Platinum 8158
Lenovo Global Technology,"ThinkSystem ST550 (2.60 GHz, Intel Xeon Silver 4112)",Yes,8,2,4,1,56.6,58.7,Intel Xeon Silver 4112
Lenovo Global Technology,"ThinkSystem ST550 (1.70 GHz, Intel Xeon Bronze 3104)",Yes,12,2,6,1,35.9,37.0,Intel Xeon Bronze 3104
Lenovo Global Technology,"ThinkSystem ST550 (2.20 GHz, Intel Xeon Silver 4114)",Yes,20,2,10,1,59.9,62.5,Intel Xeon Silver 4114
Lenovo Global Technology,"ThinkSystem ST550 (1.70 GHz, Intel Xeon Bronze 3106)",Yes,16,2,8,1,36.7,37.6,Intel Xeon Bronze 3106
Lenovo Global Technology,"ThinkSystem ST550 (2.10 GHz, Intel Xeon Silver 4116)",Yes,24,2,12,1,60.5,63.2,Intel Xeon Silver 4116
Lenovo Global Technology,"ThinkSystem ST550 (1.80 GHz, Intel Xeon Silver 4108)",Yes,16,2,8,1,57.9,60.4,Intel Xeon Silver 4108
Lenovo Global Technology,"ThinkSystem ST550 (2.40 GHz, Intel Xeon Gold 5115)",Yes,20,2,10,1,64.1,66.7,Intel Xeon Gold 5115
Lenovo Global Technology,"ThinkSystem ST550 (2.00 GHz, Intel Xeon Silver 4109T)",Yes,16,2,8,1,58.2,60.8,Intel Xeon Silver 4109T
Lenovo Global Technology,"ThinkSystem ST550 (2.30 GHz, Intel Xeon Gold 5118)",Yes,24,2,12,1,64.9,67.8,Intel Xeon Gold 5118
Lenovo Global Technology,"ThinkSystem ST550 (2.10 GHz, Intel Xeon Silver 4110)",Yes,16,2,8,1,58.4,60.8,Intel Xeon Silver 4110
Lenovo Global Technology,"ThinkSystem ST550 (2.20 GHz, Intel Xeon Gold 5120)",Yes,28,2,14,1,65.5,68.5,Intel Xeon Gold 5120
Lenovo Global Technology,"ThinkSystem ST550 (2.20 GHz, Intel Xeon Gold 5120T)",Yes,28,2,14,1,65.6,68.6,Intel Xeon Gold 5120T
Lenovo Global Technology,"ThinkSystem ST550 (3.60 GHz, Intel Xeon Gold 5122)",Yes,8,2,4,1,70.3,73.7,Intel Xeon Gold 5122
Lenovo Global Technology,"ThinkSystem ST550 (2.60 GHz, Intel Xeon Gold 6126)",Yes,24,2,12,1,73.9,77.2,Intel Xeon Gold 6126
Lenovo Global Technology,"ThinkSystem ST550 (2.60 GHz, Intel Xeon Gold 6126T)",Yes,24,2,12,1,74.1,77.4,Intel Xeon Gold 6126T
Lenovo Global Technology,"ThinkSystem ST550 (2.10 GHz, Intel Xeon Gold 6130)",Yes,32,2,16,1,74.8,78.0,Intel Xeon Gold 6130
Lenovo Global Technology,"ThinkSystem ST550 (2.10 GHz, Intel Xeon Gold 6130T)",Yes,32,2,16,1,75.0,78.5,Intel Xeon Gold 6130T
Lenovo Global Technology,"ThinkSystem ST550 (2.00 GHz, Intel Xeon Gold 6138T)",Yes,40,2,20,1,76.1,79.2,Intel Xeon Gold 6138T
Lenovo Global Technology,"ThinkSystem ST550 (2.00 GHz, Intel Xeon Platinum 8153)",Yes,32,2,16,1,60.6,62.8,Intel Xeon Platinum 8153
Lenovo Global Technology,"ThinkSystem SR530 (1.70 GHz, Intel Xeon Bronze 3104)",Yes,12,2,6,1,35.9,36.6,Intel Xeon Bronze 3104
Lenovo Global Technology,"ThinkSystem SR530 (1.70 GHz, Intel Xeon Bronze 3106)",Yes,16,2,8,1,36.7,38.1,Intel Xeon Bronze 3106
Lenovo Global Technology,"ThinkSystem SR530 (2.60 GHz, Intel Xeon Silver 4112)",Yes,8,2,4,1,56.5,58.6,Intel Xeon Silver 4112
Lenovo Global Technology,"ThinkSystem SR530 (1.80 GHz, Intel Xeon Silver 4108)",Yes,16,2,8,1,57.7,60.3,Intel Xeon Silver 4108
Lenovo Global Technology,"ThinkSystem SR530 (2.20 GHz, Intel Xeon Silver 4114)",Yes,20,2,10,1,59.7,62.2,Intel Xeon Silver 4114
Lenovo Global Technology,"ThinkSystem SR530 (2.00 GHz, Intel Xeon Silver 4109T)",Yes,16,2,8,1,58.2,60.7,Intel Xeon Silver 4109T
Lenovo Global Technology,"ThinkSystem SR530 (2.10 GHz, Intel Xeon Silver 4116)",Yes,24,2,12,1,60.5,63.3,Intel Xeon Silver 4116
Lenovo Global Technology,"ThinkSystem SR530 (2.10 GHz, Intel Xeon Silver 4110)",Yes,16,2,8,1,58.3,60.8,Intel Xeon Silver 4110
Lenovo Global Technology,"ThinkSystem SR530 (2.30 GHz, Intel Xeon Gold 5118)",Yes,24,2,12,1,64.6,67.6,Intel Xeon Gold 5118
Lenovo Global Technology,"ThinkSystem SR530 (2.20 GHz, Intel Xeon Gold 5120)",Yes,28,2,14,1,65.5,68.4,Intel Xeon Gold 5120
Lenovo Global Technology,"ThinkSystem SR530 (2.20 GHz, Intel Xeon Gold 5120T)",Yes,28,2,14,1,65.3,68.3,Intel Xeon Gold 5120T
Lenovo Global Technology,"ThinkSystem SR530 (2.60 GHz, Intel Xeon Gold 6126)",Yes,24,2,12,1,73.7,76.9,Intel Xeon Gold 6126
Lenovo Global Technology,"ThinkSystem SR530 (2.60 GHz, Intel Xeon Gold 6126T)",Yes,24,2,12,1,73.6,77.1,Intel Xeon Gold 6126T
Lenovo Global Technology,"ThinkSystem SR530 (2.10 GHz, Intel Xeon Gold 6130)",Yes,32,2,16,1,74.7,78.1,Intel Xeon Gold 6130
Lenovo Global Technology,"ThinkSystem SR530 (2.10 GHz, Intel Xeon Gold 6130T)",Yes,32,2,16,1,74.9,78.6,Intel Xeon Gold 6130T
Lenovo Global Technology,"ThinkSystem SR530 (3.60 GHz, Intel Xeon Platinum 8156)",Yes,8,2,4,1,70.3,73.7,Intel Xeon Platinum 8156
Lenovo Global Technology,"ThinkSystem SR550 (1.70 GHz, Intel Xeon Bronze 3104)",Yes,12,2,6,1,35.7,36.8,Intel Xeon Bronze 3104
Lenovo Global Technology,"ThinkSystem SR550 (2.10 GHz, Intel Xeon Gold 6130)",Yes,32,2,16,1,74.4,77.9,Intel Xeon Gold 6130
Lenovo Global Technology,"ThinkSystem SR550 (1.70 GHz, Intel Xeon Bronze 3106)",Yes,16,2,8,1,36.7,37.5,Intel Xeon Bronze 3106
Lenovo Global Technology,"ThinkSystem SR550 (2.10 GHz, Intel Xeon Gold 6130T)",Yes,32,2,16,1,75.1,78.7,Intel Xeon Gold 6130T
Lenovo Global Technology,"ThinkSystem SR550 (1.80 GHz, Intel Xeon Silver 4108)",Yes,16,2,8,1,57.8,60.3,Intel Xeon Silver 4108
Lenovo Global Technology,"ThinkSystem SR550 (3.60 GHz, Intel Xeon Platinum 8156)",Yes,8,2,4,1,70.4,73.7,Intel Xeon Platinum 8156
Lenovo Global Technology,"ThinkSystem SR550 (2.00 GHz, Intel Xeon Silver 4109T)",Yes,16,2,8,1,58.0,60.6,Intel Xeon Silver 4109T
Lenovo Global Technology,"ThinkSystem SR550 (2.20 GHz, Intel Xeon Gold 5120T)",Yes,28,2,14,1,65.6,68.7,Intel Xeon Gold 5120T
Lenovo Global Technology,"ThinkSystem SR550 (2.10 GHz, Intel Xeon Silver 4110)",Yes,16,2,8,1,58.2,60.7,Intel Xeon Silver 4110
Lenovo Global Technology,"ThinkSystem SR550 (3.60 GHz, Intel Xeon Gold 5122)",Yes,8,2,4,1,69.8,73.1,Intel Xeon Gold 5122
Lenovo Global Technology,"ThinkSystem SR550 (2.60 GHz, Intel Xeon Silver 4112)",Yes,8,2,4,1,56.5,58.8,Intel Xeon Silver 4112
Lenovo Global Technology,"ThinkSystem SR550 (2.60 GHz, Intel Xeon Gold 6126)",Yes,24,2,12,1,73.7,77.0,Intel Xeon Gold 6126
Lenovo Global Technology,"ThinkSystem SR550 (2.20 GHz, Intel Xeon Silver 4114)",Yes,20,2,10,1,59.7,62.4,Intel Xeon Silver 4114
Lenovo Global Technology,"ThinkSystem SR550 (2.60 GHz, Intel Xeon Gold 6126T)",Yes,24,2,12,1,73.9,77.2,Intel Xeon Gold 6126T
Lenovo Global Technology,"ThinkSystem SR550 (2.10 GHz, Intel Xeon Silver 4116)",Yes,24,2,12,1,60.4,63.2,Intel Xeon Silver 4116
Lenovo Global Technology,"ThinkSystem SR550 (2.30 GHz, Intel Xeon Gold 5118)",Yes,24,2,12,1,64.6,67.7,Intel Xeon Gold 5118
Lenovo Global Technology,"ThinkSystem SR550 (2.20 GHz, Intel Xeon Gold 5120)",Yes,28,2,14,1,65.3,68.3,Intel Xeon Gold 5120
Lenovo Global Technology,"ThinkSystem SN550 (1.70 GHz, Intel Xeon Bronze 3106)",Yes,16,2,8,1,36.5,37.4,Intel Xeon Bronze 3106
Lenovo Global Technology,"ThinkSystem SN550 (2.30 GHz, Intel Xeon Gold 5118)",Yes,24,2,12,1,64.1,67.1,Intel Xeon Gold 5118
Lenovo Global Technology,"ThinkSystem SN550 (2.10 GHz, Intel Xeon Gold 6130)",Yes,32,2,16,1,73.9,77.5,Intel Xeon Gold 6130
Lenovo Global Technology,"ThinkSystem SN550 (2.00 GHz, Intel Xeon Silver 4109T)",Yes,16,2,8,1,57.6,60.3,Intel Xeon Silver 4109T
Lenovo Global Technology,"ThinkSystem SN550 (2.10 GHz, Intel Xeon Silver 4110)",Yes,16,2,8,1,57.9,60.5,Intel Xeon Silver 4110
Lenovo Global Technology,"ThinkSystem SN550 (2.10 GHz, Intel Xeon Gold 6130T)",Yes,32,2,16,1,74.1,77.9,Intel Xeon Gold 6130T
Lenovo Global Technology,"ThinkSystem SN550 (2.60 GHz, Intel Xeon Silver 4112)",Yes,8,2,4,1,55.8,58.2,Intel Xeon Silver 4112
Lenovo Global Technology,"ThinkSystem SN550 (2.00 GHz, Intel Xeon Gold 6138)",Yes,40,2,20,1,75.6,78.8,Intel Xeon Gold 6138
Lenovo Global Technology,"ThinkSystem SN550 (2.10 GHz, Intel Xeon Silver 4116)",Yes,24,2,12,1,60.0,62.9,Intel Xeon Silver 4116
Lenovo Global Technology,"ThinkSystem SN550 (2.30 GHz, Intel Xeon Gold 6140)",Yes,36,2,18,1,75.0,78.7,Intel Xeon Gold 6140
Lenovo Global Technology,"ThinkSystem SN550 (2.60 GHz, Intel Xeon Gold 6142)",Yes,32,2,16,1,75.2,78.7,Intel Xeon Gold 6142
Lenovo Global Technology,"ThinkSystem SN550 (2.00 GHz, Intel Xeon Platinum 8164)",Yes,52,2,26,1,78.4,81.3,Intel Xeon Platinum 8164
Lenovo Global Technology,"ThinkSystem SN550 (2.70 GHz, Intel Xeon Gold 6150)",Yes,36,2,18,1,75.3,78.8,Intel Xeon Gold 6150
Lenovo Global Technology,"ThinkSystem SN550 (2.10 GHz, Intel Xeon Platinum 8170)",Yes,52,2,26,1,78.7,81.6,Intel Xeon Platinum 8170
Lenovo Global Technology,"ThinkSystem SN550 (2.10 GHz, Intel Xeon Gold 6152)",Yes,44,2,22,1,76.7,79.9,Intel Xeon Gold 6152
Lenovo Global Technology,"ThinkSystem SN550 (3.00 GHz, Intel Xeon Platinum 8158)",Yes,24,2,12,1,75.1,78.6,Intel Xeon Platinum 8158
Lenovo Global Technology,"ThinkSystem SN550 (2.10 GHz, Intel Xeon Platinum 8160)",Yes,48,2,24,1,76.9,80.0,Intel Xeon Platinum 8160
Lenovo Global Technology,"ThinkSystem SR950 (2.60 GHz, Intel Xeon Gold 6126T)",Yes,48,4,12,1,73.5,77.0,Intel Xeon Gold 6126T
Lenovo Global Technology,"ThinkSystem SR950 (2.10 GHz, Intel Xeon Gold 6130T)",Yes,64,4,16,1,75.3,79.1,Intel Xeon Gold 6130T
Lenovo Global Technology,"ThinkSystem SR950 (2.60 GHz, Intel Xeon Gold 6132)",Yes,56,4,14,1,73.8,77.5,Intel Xeon Gold 6132
Lenovo Global Technology,"ThinkSystem SR950 (3.20 GHz, Intel Xeon Gold 6134M)",Yes,32,4,8,1,75.4,78.7,Intel Xeon Gold 6134M
Lenovo Global Technology,"ThinkSystem SN850 (2.40 GHz, Intel Xeon Gold 6148)",Yes,80,4,20,1,76.0,79.6,Intel Xeon Gold 6148
Lenovo Global Technology,"ThinkSystem SR950 (3.60 GHz, Intel Xeon Platinum 8156)",Yes,16,4,4,1,71.4,74.9,Intel Xeon Platinum 8156
Lenovo Global Technology,"ThinkSystem SN850 (2.70 GHz, Intel Xeon Gold 6150)",Yes,72,4,18,1,75.6,79.0,Intel Xeon Gold 6150
Lenovo Global Technology,"ThinkSystem SR950 (2.10 GHz, Intel Xeon Platinum 8160M)",Yes,96,4,24,1,76.8,80.2,Intel Xeon Platinum 8160M
Lenovo Global Technology,"ThinkSystem SN850 (2.00 GHz, Intel Xeon Platinum 8153)",Yes,64,4,16,1,60.7,63.3,Intel Xeon Platinum 8153
Lenovo Global Technology,"ThinkSystem SR950 (2.00 GHz, Intel Xeon Platinum 8164)",Yes,104,4,26,1,78.1,81.1,Intel Xeon Platinum 8164
Lenovo Global Technology,"ThinkSystem SN850 (2.10 GHz, Intel Xeon Platinum 8160)",Yes,96,4,24,1,76.8,79.8,Intel Xeon Platinum 8160
Lenovo Global Technology,"ThinkSystem SR950 (2.50 GHz, Intel Xeon Platinum 8180M)",Yes,112,4,28,1,81.0,83.9,Intel Xeon Platinum 8180M
Lenovo Global Technology,"ThinkSystem SN850 (2.00 GHz, Intel Xeon Platinum 8164)",Yes,104,4,26,1,77.9,80.6,Intel Xeon Platinum 8164
Lenovo Global Technology,"ThinkSystem SN850 (2.10 GHz, Intel Xeon Platinum 8170)",Yes,104,4,26,1,77.7,80.9,Intel Xeon Platinum 8170
Lenovo Global Technology,"ThinkSystem SR650 (1.70 GHz, Intel Xeon Bronze 3104)",Yes,12,2,6,1,35.6,36.8,Intel Xeon Bronze 3104
Lenovo Global Technology,"ThinkSystem SR650 (2.10 GHz, Intel Xeon Silver 4116)",Yes,24,2,12,1,59.9,62.8,Intel Xeon Silver 4116
Lenovo Global Technology,"ThinkSystem SR650 (1.80 GHz, Intel Xeon Silver 4108)",Yes,16,2,8,1,57.7,60.3,Intel Xeon Silver 4108
Lenovo Global Technology,"ThinkSystem SR650 (2.40 GHz, Intel Xeon Gold 5115)",Yes,20,2,10,1,63.8,66.4,Intel Xeon Gold 5115
Lenovo Global Technology,"ThinkSystem SR650 (2.10 GHz, Intel Xeon Silver 4110)",Yes,16,2,8,1,57.6,60.4,Intel Xeon Silver 4110
Lenovo Global Technology,"ThinkSystem SR650 (2.30 GHz, Intel Xeon Gold 5118)",Yes,24,2,12,1,64.1,67.1,Intel Xeon Gold 5118
Lenovo Global Technology,"ThinkSystem SR650 (2.60 GHz, Intel Xeon Silver 4112)",Yes,8,2,4,1,56.4,58.5,Intel Xeon Silver 4112
Lenovo Global Technology,"ThinkSystem SR650 (2.20 GHz, Intel Xeon Gold 5120)",Yes,28,2,14,1,65.5,68.3,Intel Xeon Gold 5120
Lenovo Global Technology,"ThinkSystem SR650 (2.20 GHz, Intel Xeon Silver 4114)",Yes,20,2,10,1,59.8,62.3,Intel Xeon Silver 4114
M Computers s.r.o.,"HPC S2600WF (Intel Xeon Silver 4112, 2.60 GHz)",Yes,8,2,4,1,55.7,Not Run,Intel Xeon Silver 4112
M Computers s.r.o.,"HPC S2600WF (Intel Xeon Silver 4114, 2.20 GHz)",Yes,20,2,10,1,57.8,Not Run,Intel Xeon Silver 4114
Nokia,AirFrame AR-D521U-A (Intel Xeon Platinum 8180),Yes,56,2,28,2,77.3,80.4,Intel Xeon Platinum 8180
Quanta Computer Inc.,QuantaGrid D52BQ-2U (Intel Xeon Platinum 8180),Yes,56,2,28,2,78.5,81.3,Intel Xeon Platinum 8180
Quanta Computer Inc.,QuantaPlex T42D-2U (Intel Xeon Platinum 8180),Yes,56,2,28,2,78.4,81.3,Intel Xeon Platinum 8180
Quanta Computer Inc.,"QuantaPlex T42D-2U (Intel Xeon Platinum 8180, 2.50 GHz)",Yes,56,2,28,1,80.7,83.4,Intel Xeon Platinum 8180
Cisco Systems,"Cisco UCS C480 M5 (Intel Xeon Gold 6142M, 2.60GHz)",Yes,64,4,16,1,76.6,80.4,Intel Xeon Gold 6142M
Cisco Systems,"Cisco UCS C480 M5 (Intel Xeon Platinum 8160M, 2.10GHz)",Yes,96,4,24,1,77.3,80.4,Intel Xeon Platinum 8160M
Cisco Systems,"Cisco UCS C480 M5 (Intel Xeon Gold 5115, 2.40GHz)",Yes,40,4,10,1,63.8,66.5,Intel Xeon Gold 5115
Cisco Systems,"Cisco UCS C480 M5 (Intel Xeon Platinum 8176M, 2.10GHz)",Yes,112,4,28,1,80.3,83.3,Intel Xeon Platinum 8176M
Cisco Systems,"Cisco UCS C480 M5 (Intel Xeon Gold 6134M, 3.20GHz)",Yes,32,4,8,1,76.2,79.5,Intel Xeon Gold 6134M
Cisco Systems,"Cisco UCS C480 M5 (Intel Xeon Gold 6140M, 2.30GHz)",Yes,72,4,18,1,76.0,79.4,Intel Xeon Gold 6140M
Cisco Systems,"Cisco UCS C240 M5 (Intel Xeon Platinum 8180M, 2.50GHz)",Yes,56,2,28,1,81.3,84.2,Intel Xeon Platinum 8180M
Cisco Systems,"Cisco UCS C240 M5 (Intel Xeon Platinum 8160M, 2.10 GHz)",Yes,48,2,24,1,77.1,80.1,Intel Xeon Platinum 8160M
Cisco Systems,"Cisco UCS C240 M5 (Intel Xeon Gold 6142, 2.60GHz)",Yes,32,2,16,1,75.4,79.1,Intel Xeon Gold 6142
Cisco Systems,"Cisco UCS C240 M5 (Intel Xeon Gold 6134M, 3.20GHz)",Yes,16,2,8,1,74.9,77.9,Intel Xeon Gold 6134M
Cisco Systems,"Cisco UCS C240 M5 (Intel Xeon Platinum 8176M, 2.10GHz)",Yes,56,2,28,1,80.5,83.4,Intel Xeon Platinum 8176M
Cisco Systems,"Cisco UCS C240 M5 (Intel Xeon Platinum 8168, 2.70GHz)",Yes,48,2,24,1,78.0,80.9,Intel Xeon Platinum 8168
Cisco Systems,Cisco UCS C240 M5 (Intel Xeon Gold 6142M 2.60 GHz),Yes,32,2,16,1,75.7,79.4,Intel Xeon Gold 6142M 2.60 GHz
Cisco Systems,"Cisco UCS C240 M5 (Intel Xeon Platinum 8170M, 2.10GHz)",Yes,52,2,26,1,79.1,82.3,Intel Xeon Platinum 8170M
Cisco Systems,"Cisco UCS B200 M5 (Intel Xeon Gold 6144, 3.50 GHz)",Yes,16,2,8,1,83.3,Not Run,Intel Xeon Gold 6144
Cisco Systems,"Cisco UCS B200 M5 (Intel Xeon Gold 6146, 3.20 GHz)",Yes,24,2,12,1,83.7,Not Run,Intel Xeon Gold 6146
Cisco Systems,"Cisco UCS B200 M5 (Intel Xeon Gold 6148, 2.40GHz)",Yes,40,2,20,1,76.1,Not Run,Intel Xeon Gold 6148
Cisco Systems,"Cisco UCS B200 M5 (Intel Xeon Gold 6138, 2.00GHz)",Yes,40,2,20,1,76.4,79.5,Intel Xeon Gold 6138
Cisco Systems,"Cisco UCS B200 M5 (Intel Xeon Gold 6152, 2.10GHz)",Yes,44,2,22,1,75.4,Not Run,Intel Xeon Gold 6152
Cisco Systems,"Cisco UCS B200 M5 (Intel Xeon Gold 6130, 2.10GHz)",Yes,32,2,16,1,68.8,Not Run,Intel Xeon Gold 6130
Cisco Systems,"Cisco UCS B200 M5 (Intel Xeon Gold 6140, 2.30GHz)",Yes,36,2,18,1,76.0,Not Run,Intel Xeon Gold 6140
Cisco Systems,"Cisco UCS C240 M5 (Intel Xeon Silver 4108, 1.80GHz)",Yes,16,2,8,1,57.8,60.5,Intel Xeon Silver 4108
Cisco Systems,"Cisco UCS C240 M5 (Intel Xeon Bronze 3106, 1.70GHz)",Yes,16,2,8,1,36.7,38.0,Intel Xeon Bronze 3106
Cisco Systems,"Cisco UCS C240 M5 (Intel Xeon Bronze 3104, 1.70GHz)",Yes,12,2,6,1,35.8,37.0,Intel Xeon Bronze 3104
Cisco Systems,"Cisco UCS C240M5 (Intel Xeon Gold 6128, 3.40GHz)",Yes,12,2,6,1,72.0,75.7,Intel Xeon Gold 6128
Cisco Systems,"Cisco UCS B200 M5 (Intel Xeon Gold 6150, 2.70GHz)",Yes,36,2,18,1,74.6,78.1,Intel Xeon Gold 6150
Cisco Systems,"Cisco UCS B200 M5 (Intel Xeon Gold 6154, 3.00GHz)",Yes,36,2,18,1,75.7,79.3,Intel Xeon Gold 6154
Cisco Systems,"Cisco UCS B200 M5 (Intel Xeon Platinum 8156, 3.60GHz)",Yes,8,2,4,1,70.9,74.2,Intel Xeon Platinum 8156
Cisco Systems,"Cisco UCS B200 M5 (Intel Xeon Gold 5118, 2.30GHz)",Yes,24,2,12,1,64.3,66.9,Intel Xeon Gold 5118
Cisco Systems,"Cisco UCS B200 M5 (Intel Xeon Gold 5120, 2.20GHz)",Yes,28,2,14,1,64.9,67.6,Intel Xeon Gold 5120
Cisco Systems,"Cisco UCS C480 M5 (Intel Xeon Gold 6140, 2.30GHz)",Yes,72,4,18,1,75.4,78.9,Intel Xeon Gold 6140
Cisco Systems,"Cisco UCS B200 M5 (Intel Xeon Platinum 8158, 3.00GHz)",Yes,24,2,12,1,75.8,79.3,Intel Xeon Platinum 8158
Cisco Systems,"Cisco UCS B200 M5 (Intel Xeon Gold 6132, 2.60GHz)",Yes,28,2,14,1,74.6,77.7,Intel Xeon Gold 6132
Cisco Systems,"Cisco UCS C480 M5 (Intel Xeon Platinum 8158, 3.00GHz)",Yes,48,4,12,1,75.9,79.1,Intel Xeon Platinum 8158
Dell Inc.,"PowerEdge FC640 (Intel Xeon Bronze 3104, 1.70 GHz)",Yes,12,2,6,1,34.5,35.6,Intel Xeon Bronze 3104
Dell Inc.,"PowerEdge FC640 (Intel Xeon Gold 5122, 3.60 GHz)",Yes,8,2,4,2,70.2,73.5,Intel Xeon Gold 5122
Dell Inc.,"PowerEdge FC640 (Intel Xeon Bronze 3106, 1.70 GHz)",Yes,16,2,8,1,35.5,36.7,Intel Xeon Bronze 3106
Dell Inc.,"PowerEdge FC640 (Intel Xeon Gold 6126, 2.60 GHz)",Yes,24,2,12,2,72.8,76.3,Intel Xeon Gold 6126
Dell Inc.,"PowerEdge FC640 (Intel Xeon Silver 4110, 2.10 GHz)",Yes,16,2,8,2,57.3,59.7,Intel Xeon Silver 4110
Dell Inc.,"PowerEdge FC640 (Intel Xeon Gold 6136, 3.00 GHz)",Yes,24,2,12,2,74.8,78.1,Intel Xeon Gold 6136
Dell Inc.,"PowerEdge FC640 (Intel Xeon Silver 4114, 2.20 GHz)",Yes,20,2,10,2,58.7,61.2,Intel Xeon Silver 4114
Dell Inc.,"PowerEdge FC640 (Intel Xeon Gold 6148, 2.40 GHz)",Yes,40,2,20,2,74.0,77.5,Intel Xeon Gold 6148
Dell Inc.,"PowerEdge M640 (Intel Xeon Silver 4112, 2.60 GHz)",Yes,8,2,4,2,55.7,58.1,Intel Xeon Silver 4112
Dell Inc.,"PowerEdge FC640 (Intel Xeon Gold 6152, 2.10 GHz)",Yes,44,2,22,2,74.6,77.9,Intel Xeon Gold 6152
Dell Inc.,"PowerEdge M640 (Intel Xeon Gold 6132, 2.60 GHz)",Yes,28,2,14,2,71.2,75.2,Intel Xeon Gold 6132
Dell Inc.,"PowerEdge M640 (Intel Xeon Gold 5118, 2.30 GHz)",Yes,24,2,12,2,62.9,65.8,Intel Xeon Gold 5118
Dell Inc.,"PowerEdge M640 (Intel Xeon Gold 6136, 3.00 GHz)",Yes,24,2,12,2,73.3,77.0,Intel Xeon Gold 6136
Dell Inc.,"PowerEdge M640 (Intel Xeon Gold 6138, 2.00 GHz)",Yes,40,2,20,2,72.2,75.5,Intel Xeon Gold 6138
Dell Inc.,"PowerEdge M640 (Intel Xeon Gold 6126, 2.60 GHz)",Yes,24,2,12,2,71.9,75.3,Intel Xeon Gold 6126
Dell Inc.,"PowerEdge M640 (Intel Xeon Gold 6130, 2.10 GHz)",Yes,32,2,16,2,72.8,76.4,Intel Xeon Gold 6130
Dell Inc.,"PowerEdge M640 (Intel Xeon Gold 6140, 2.30 GHz)",Yes,36,2,18,2,72.9,76.6,Intel Xeon Gold 6140
Dell Inc.,"PowerEdge M640 (Intel Xeon Gold 6150, 2.70 GHz)",Yes,36,2,18,2,73.5,77.0,Intel Xeon Gold 6150
Dell Inc.,"PowerEdge M640 (Intel Xeon Gold 6152, 2.10 GHz)",Yes,44,2,22,2,73.4,76.6,Intel Xeon Gold 6152
Dell Inc.,"PowerEdge M640 (Intel Xeon Platinum 8153, 2.00 GHz)",Yes,32,2,16,2,59.1,61.5,Intel Xeon Platinum 8153
Dell Inc.,"PowerEdge M640 (Intel Xeon Platinum 8160, 2.10 GHz)",Yes,48,2,24,2,74.3,77.3,Intel Xeon Platinum 8160
Dell Inc.,"PowerEdge M640 (Intel Xeon Platinum 8170, 2.10 GHz)",Yes,52,2,26,2,76.2,79.2,Intel Xeon Platinum 8170
Dell Inc.,"PowerEdge M640 (Intel Xeon Platinum 8176, 2.10 GHz)",Yes,56,2,28,2,76.4,79.4,Intel Xeon Platinum 8176
Dell Inc.,"PowerEdge FC640 (Intel Xeon Gold 5115, 2.40 GHz)",Yes,20,2,10,2,62.6,65.2,Intel Xeon Gold 5115
Dell Inc.,"PowerEdge R940 (Intel Xeon Gold 6144, 3.50 GHz)",Yes,32,4,8,1,83.3,87.3,Intel Xeon Gold 6144
Dell Inc.,"PowerEdge R940 (Intel Xeon Platinum 8176, 2.10 GHz)",Yes,112,4,28,1,78.7,81.7,Intel Xeon Platinum 8176
Dell Inc.,"PowerEdge R940 (Intel Xeon Platinum 8170, 2.10 GHz)",Yes,104,4,26,1,76.8,79.9,Intel Xeon Platinum 8170
Dell Inc.,"PowerEdge R940 (Intel Xeon Platinum 8168, 2.70 GHz)",Yes,96,4,24,1,75.9,79.2,Intel Xeon Platinum 8168
Dell Inc.,"PowerEdge R940 (Intel Xeon Platinum 8164, 2.00 GHz)",Yes,104,4,26,1,76.4,80.0,Intel Xeon Platinum 8164
Dell Inc.,"PowerEdge R940 (Intel Xeon Platinum 8160, 2.10 GHz)",Yes,96,4,24,1,75.1,78.6,Intel Xeon Platinum 8160
Dell Inc.,"PowerEdge R940 (Intel Xeon Platinum 8158, 3.00 GHz)",Yes,48,4,12,1,74.7,78.3,Intel Xeon Platinum 8158
Dell Inc.,"PowerEdge R940 (Intel Xeon Platinum 8156, 3.60 GHz)",Yes,16,4,4,1,72.0,75.4,Intel Xeon Platinum 8156
Dell Inc.,"PowerEdge R940 (Intel Xeon Platinum 8153, 2.00 GHz)",Yes,64,4,16,1,59.6,62.0,Intel Xeon Platinum 8153
HPE,"ProLiant DL580 Gen10 (2.50 GHz, Intel Xeon Platinum 8180)",Yes,112,4,28,1,81.5,Not Run,Intel Xeon Platinum 8180
HPE,"ProLiant DL380 Gen10 (2.10 GHz, Intel Xeon Platinum 8170)",Yes,52,2,26,1,78.9,Not Run,Intel Xeon Platinum 8170
HPE,"ProLiant DL380 Gen10 (2.10 GHz, Intel Xeon Platinum 8176)",Yes,56,2,28,1,80.8,Not Run,Intel Xeon Platinum 8176
HPE,"ProLiant DL380 Gen10 (2.10 GHz, Intel Xeon Gold 6130)",Yes,32,2,16,1,75.1,Not Run,Intel Xeon Gold 6130
HPE,"ProLiant DL380 Gen10 (3.20 GHz, Intel Xeon Gold 6146)",Yes,24,2,12,1,83.4,Not Run,Intel Xeon Gold 6146
HPE,"ProLiant DL380 Gen10 (2.10 GHz, Intel Xeon Platinum 8160)",Yes,48,2,24,1,77.3,Not Run,Intel Xeon Platinum 8160
HPE,"ProLiant DL360 Gen10 (2.70 GHz, Intel Xeon Gold 6150)",Yes,36,2,18,1,76.3,Not Run,Intel Xeon Gold 6150
HPE,"ProLiant DL380 Gen10 (2.50 GHz, Intel Xeon Platinum 8180)",Yes,56,2,28,1,81.5,Not Run,Intel Xeon Platinum 8180
HPE,"ProLiant DL360 Gen10 (2.40 GHz, Intel Xeon Gold 6148)",Yes,40,2,20,1,76.5,Not Run,Intel Xeon Gold 6148
HPE,"ProLiant DL380 Gen10 (3.00 GHz, Intel Xeon Platinum 8158)",Yes,24,2,12,1,76.0,Not Run,Intel Xeon Platinum 8158
HPE,"ProLiant DL380 Gen10 (2.70 GHz, Intel Xeon Platinum 8168)",Yes,48,2,24,1,78.2,Not Run,Intel Xeon Platinum 8168
HPE,"ProLiant DL380 Gen10 (2.00 GHz, Intel Xeon Platinum 8153)",Yes,32,2,16,1,60.6,Not Run,Intel Xeon Platinum 8153
HPE,"ProLiant DL380 Gen10 (3.60 GHz, Intel Xeon Platinum 8156)",Yes,8,2,4,1,70.4,Not Run,Intel Xeon Platinum 8156
HPE,"ProLiant DL380 Gen10 (2.50 GHz, Intel Xeon Platinum 8180M)",Yes,56,2,28,1,81.9,Not Run,Intel Xeon Platinum 8180M
HPE,"ProLiant DL360 Gen10 (2.60 GHz, Intel Xeon Gold 6126)",Yes,24,2,12,1,73.8,Not Run,Intel Xeon Gold 6126
HPE,"ProLiant DL380 Gen10 (3.00 GHz, Intel Xeon Gold 6154)",Yes,36,2,18,1,76.7,Not Run,Intel Xeon Gold 6154
HPE,"ProLiant DL380 Gen10 (2.00 GHz, Intel Xeon Platinum 8164)",Yes,52,2,26,1,78.7,Not Run,Intel Xeon Platinum 8164
HPE,"ProLiant DL380 Gen10 (2.10 GHz, Intel Xeon Silver 4116)",Yes,24,2,12,1,60.9,Not Run,Intel Xeon Silver 4116
HPE,"ProLiant DL360 Gen10 (2.50 GHz, Intel Xeon Platinum 8180M)",Yes,56,2,28,1,81.3,Not Run,Intel Xeon Platinum 8180M
HPE,"ProLiant DL360 Gen10 (3.00 GHz, Intel Xeon Gold 6136)",Yes,24,2,12,1,76.1,Not Run,Intel Xeon Gold 6136
HPE,"ProLiant DL380 Gen10 (2.60 GHz, Intel Xeon Gold 6142)",Yes,32,2,16,1,75.7,Not Run,Intel Xeon Gold 6142
HPE,"ProLiant DL360 Gen10 (2.10 GHz, Intel Xeon Silver 4116)",Yes,24,2,12,1,60.7,Not Run,Intel Xeon Silver 4116
HPE,"ProLiant DL380 Gen10 (2.30 GHz, Intel Xeon Gold 6140)",Yes,36,2,18,1,75.9,Not Run,Intel Xeon Gold 6140
HPE,"ProLiant DL380 Gen10 (2.10 GHz, Intel Xeon Gold 6152)",Yes,44,2,22,1,77.2,Not Run,Intel Xeon Gold 6152
HPE,"ProLiant DL560 Gen10 (2.00 GHz, Intel Xeon Platinum 8153)",Yes,64,4,16,1,60.5,Not Run,Intel Xeon Platinum 8153
HPE,"ProLiant DL360 Gen10 (2.70 GHz, Intel Xeon Platinum 8168)",Yes,48,2,24,1,78.1,Not Run,Intel Xeon Platinum 8168
HPE,"ProLiant DL560 Gen10 (3.00 GHz, Intel Xeon Platinum 8158)",Yes,48,4,12,1,75.3,Not Run,Intel Xeon Platinum 8158
HPE,"ProLiant DL560 Gen10 (2.10 GHz, Intel Xeon Platinum 8160)",Yes,96,4,24,1,75.5,Not Run,Intel Xeon Platinum 8160
HPE,"Synergy 480 Gen10 (2.10 GHz, Intel Xeon Gold 6130)",Yes,32,2,16,1,72.9,Not Run,Intel Xeon Gold 6130
HPE,"Synergy 480 Gen10 (3.00 GHz, Intel Xeon Gold 6154)",Yes,36,2,18,1,74.6,Not Run,Intel Xeon Gold 6154
HPE,"ProLiant DL360 Gen10 (2.20 GHz, Intel Xeon Silver 4114)",Yes,20,2,10,1,59.5,Not Run,Intel Xeon Silver 4114
HPE,"ProLiant DL380 Gen10 (2.60 GHz, Intel Xeon Silver 4112)",Yes,8,2,4,1,56.8,Not Run,Intel Xeon Silver 4112
HPE,"ProLiant DL380 Gen10 (2.60 GHz, Intel Xeon Gold 6126)",Yes,24,2,12,1,73.9,Not Run,Intel Xeon Gold 6126
HPE,"ProLiant DL380 Gen10 (2.20 GHz, Intel Xeon Silver 4114)",Yes,20,2,10,1,60.2,Not Run,Intel Xeon Silver 4114
HPE,"ProLiant DL380 Gen10 (2.40 GHz, Intel Xeon Gold 6148)",Yes,40,2,20,1,76.7,Not Run,Intel Xeon Gold 6148
HPE,"ProLiant DL560 Gen10 (3.60 GHz, Intel Xeon Platinum 8156)",Yes,16,4,4,1,71.7,Not Run,Intel Xeon Platinum 8156
HPE,"ProLiant DL360 Gen10 (2.10 GHz, Intel Xeon Platinum 8176)",Yes,56,2,28,1,80.7,Not Run,Intel Xeon Platinum 8176
HPE,"ProLiant DL360 Gen10 (2.60 GHz, Intel Xeon Silver 4112)",Yes,8,2,4,1,56.7,Not Run,Intel Xeon Silver 4112
HPE,"ProLiant DL380 Gen10 (1.80 GHz, Intel Xeon Silver 4108)",Yes,16,2,8,1,58.0,Not Run,Intel Xeon Silver 4108
HPE,"ProLiant DL360 Gen10 (3.00 GHz, Intel Xeon Platinum 8158)",Yes,24,2,12,1,75.5,Not Run,Intel Xeon Platinum 8158
HPE,"ProLiant DL380 Gen10 (2.00 GHz, Intel Xeon Gold 6138)",Yes,40,2,20,1,75.8,Not Run,Intel Xeon Gold 6138
HPE,"ProLiant DL380 Gen10 (3.40 GHz, Intel Xeon Gold 6128)",Yes,12,2,6,1,72.2,Not Run,Intel Xeon Gold 6128
HPE,"ProLiant DL380 Gen10 (2.80 GHz, Intel Xeon Gold 6143)",Yes,32,2,16,1,80.8,Not Run,Intel Xeon Gold 6143
HPE,"ProLiant DL360 Gen10 (2.10 GHz, Intel Xeon Silver 4110)",Yes,16,2,8,1,58.6,Not Run,Intel Xeon Silver 4110
HPE,"Synergy 480 Gen10 (2.60 GHz, Intel Xeon Gold 6142)",Yes,32,2,16,1,73.6,Not Run,Intel Xeon Gold 6142
HPE,"ProLiant DL380 Gen10 (3.60 GHz, Intel Xeon Gold 5122)",Yes,8,2,4,1,70.3,Not Run,Intel Xeon Gold 5122
HPE,"ProLiant DL380 Gen10 (3.50 GHz, Intel Xeon Gold 6144)",Yes,16,2,8,1,82.9,Not Run,Intel Xeon Gold 6144
HPE,"ProLiant DL360 Gen10 (2.10 GHz, Intel Xeon Gold 6152)",Yes,44,2,22,1,77.1,Not Run,Intel Xeon Gold 6152
HPE,"Synergy 480 Gen10 (2.70 GHz, Intel Xeon Gold 6150)",Yes,36,2,18,1,73.9,Not Run,Intel Xeon Gold 6150
HPE,"ProLiant DL360 Gen10 (3.20 GHz, Intel Xeon Gold 6134)",Yes,16,2,8,1,75.3,Not Run,Intel Xeon Gold 6134
HPE,"ProLiant DL360 Gen10 (3.00 GHz, Intel Xeon Gold 6154)",Yes,36,2,18,1,76.4,Not Run,Intel Xeon Gold 6154
HPE,"ProLiant DL360 Gen10 (2.60 GHz, Intel Xeon Gold 6132)",Yes,28,2,14,1,74.4,Not Run,Intel Xeon Gold 6132
HPE,"ProLiant DL360 Gen10 (3.20 GHz, Intel Xeon Gold 6146)",Yes,24,2,12,1,83.3,Not Run,Intel Xeon Gold 6146
HPE,"ProLiant DL380 Gen10 (3.20 GHz, Intel Xeon Gold 6134)",Yes,16,2,8,1,75.5,Not Run,Intel Xeon Gold 6134
HPE,"ProLiant DL360 Gen10 (2.00 GHz, Intel Xeon Gold 6138)",Yes,40,2,20,1,76.0,Not Run,Intel Xeon Gold 6138
HPE,"ProLiant DL360 Gen10 (2.60 GHz, Intel Xeon Gold 6142)",Yes,32,2,16,1,75.5,Not Run,Intel Xeon Gold 6142
HPE,"Synergy 480 Gen10 (2.40 GHz, Intel Xeon Gold 6148)",Yes,40,2,20,1,74.4,Not Run,Intel Xeon Gold 6148
HPE,"ProLiant DL360 Gen10 (2.10 GHz, Intel Xeon Platinum 8160)",Yes,48,2,24,1,77.0,Not Run,Intel Xeon Platinum 8160
HPE,"ProLiant DL380 Gen10 (2.60 GHz, Intel Xeon Gold 6132)",Yes,28,2,14,1,74.5,Not Run,Intel Xeon Gold 6132
HPE,"ProLiant DL360 Gen10 (2.00 GHz, Intel Xeon Platinum 8164)",Yes,52,2,26,1,78.7,Not Run,Intel Xeon Platinum 8164
HPE,"Synergy 480 Gen10 (2.10 GHz, Intel Xeon Gold 6152)",Yes,44,2,22,1,75.0,Not Run,Intel Xeon Gold 6152
HPE,"ProLiant DL360 Gen10 (1.80 GHz, Intel Xeon Silver 4108)",Yes,16,2,8,1,58.0,Not Run,Intel Xeon Silver 4108
HPE,"ProLiant DL360 Gen10 (2.30 GHz, Intel Xeon Gold 6140)",Yes,36,2,18,1,75.7,Not Run,Intel Xeon Gold 6140
Inspur Corporation,Inspur NF5180M4 (Intel Xeon E5-2620 v4),Yes,16,2,8,1,60.3,63.7,Intel Xeon E5-2620 v4
Lenovo Global Technology,"ThinkSystem ST550 (3.60 GHz, Intel Xeon Platinum 8156)",Yes,8,2,4,1,70.6,73.7,Intel Xeon Platinum 8156
Lenovo Global Technology,"ThinkSystem SR530 (2.40 GHz, Intel Xeon Gold 5115)",Yes,20,2,10,1,63.9,66.6,Intel Xeon Gold 5115
Lenovo Global Technology,"ThinkSystem SR530 (3.60 GHz, Intel Xeon Gold 5122)",Yes,8,2,4,1,70.2,73.5,Intel Xeon Gold 5122
Lenovo Global Technology,"ThinkSystem SR550 (2.40 GHz, Intel Xeon Gold 5115)",Yes,20,2,10,1,63.8,66.5,Intel Xeon Gold 5115
Lenovo Global Technology,"ThinkSystem SR950 (2.00 GHz, Intel Xeon Platinum 8153)",Yes,128,8,16,1,59.9,62.4,Intel Xeon Platinum 8153
Lenovo Global Technology,"ThinkSystem SR950 (3.60 GHz, Intel Xeon Platinum 8156)",Yes,32,8,4,1,71.6,75.4,Intel Xeon Platinum 8156
Lenovo Global Technology,"ThinkSystem SR950 (2.00 GHz, Intel Xeon Platinum 8164)",Yes,208,8,26,1,73.8,76.5,Intel Xeon Platinum 8164
Lenovo Global Technology,"ThinkSystem SR950 (3.00 GHz, Intel Xeon Platinum 8158)",Yes,96,8,12,1,74.2,77.9,Intel Xeon Platinum 8158
Lenovo Global Technology,"ThinkSystem SR950 (2.70 GHz, Intel Xeon Platinum 8168)",Yes,192,8,24,1,70.9,74.0,Intel Xeon Platinum 8168
Lenovo Global Technology,"ThinkSystem SR950 (2.10 GHz, Intel Xeon Platinum 8160)",Yes,192,8,24,1,72.2,75.5,Intel Xeon Platinum 8160
Lenovo Global Technology,"ThinkSystem SR950 (2.10 GHz, Intel Xeon Platinum 8170)",Yes,208,8,26,1,72.9,75.7,Intel Xeon Platinum 8170
Lenovo Global Technology,"ThinkSystem SR950 (2.10 GHz, Intel Xeon Platinum 8160M)",Yes,192,8,24,1,72.5,75.9,Intel Xeon Platinum 8160M
Lenovo Global Technology,"ThinkSystem SR950 (2.10 GHz, Intel Xeon Platinum 8170M)",Yes,208,8,26,1,73.3,76.1,Intel Xeon Platinum 8170M
Lenovo Global Technology,"ThinkSystem SR950 (2.10 GHz, Intel Xeon Platinum 8160T)",Yes,192,8,24,1,70.4,73.9,Intel Xeon Platinum 8160T
Lenovo Global Technology,"ThinkSystem SR950 (2.10 GHz, Intel Xeon Platinum 8176)",Yes,224,8,28,1,77.3,80.1,Intel Xeon Platinum 8176
Lenovo Global Technology,"ThinkSystem SR630 (1.70 GHz, Intel Xeon Bronze 3104)",Yes,12,2,6,1,35.6,36.8,Intel Xeon Bronze 3104
Lenovo Global Technology,"ThinkSystem SR630 (1.70 GHz, Intel Xeon Bronze 3106)",Yes,16,2,8,1,36.5,37.8,Intel Xeon Bronze 3106
Lenovo Global Technology,"ThinkSystem SR630 (1.80 GHz, Intel Xeon Silver 4108)",Yes,16,2,8,1,57.3,59.9,Intel Xeon Silver 4108
Lenovo Global Technology,"ThinkSystem SR630 (2.60 GHz, Intel Xeon Silver 4112)",Yes,8,2,4,1,55.9,58.2,Intel Xeon Silver 4112
Lenovo Global Technology,"ThinkSystem SR630 (2.00 GHz, Intel Xeon Silver 4109T)",Yes,16,2,8,1,57.4,60.1,Intel Xeon Silver 4109T
Lenovo Global Technology,"ThinkSystem SR630 (2.20 GHz, Intel Xeon Silver 4114)",Yes,20,2,10,1,59.4,62.1,Intel Xeon Silver 4114
Lenovo Global Technology,"ThinkSystem SR630 (2.10 GHz, Intel Xeon Silver 4110)",Yes,16,2,8,1,57.8,60.5,Intel Xeon Silver 4110
Lenovo Global Technology,"ThinkSystem SR630 (2.10 GHz, Intel Xeon Silver 4116)",Yes,24,2,12,1,60.0,62.8,Intel Xeon Silver 4116
Lenovo Global Technology,"ThinkSystem SR630 (2.40 GHz, Intel Xeon Gold 5115)",Yes,20,2,10,1,63.3,66.1,Intel Xeon Gold 5115
Lenovo Global Technology,"ThinkSystem SR630 (2.30 GHz, Intel Xeon Gold 5118)",Yes,24,2,12,1,64.2,67.3,Intel Xeon Gold 5118
Lenovo Global Technology,"ThinkSystem SR630 (2.30 GHz, Intel Xeon Gold 6140)",Yes,36,2,18,1,75.0,78.5,Intel Xeon Gold 6140
Lenovo Global Technology,"ThinkSystem SR630 (2.20 GHz, Intel Xeon Gold 5120)",Yes,28,2,14,1,64.9,68.0,Intel Xeon Gold 5120
Lenovo Global Technology,"ThinkSystem SR630 (2.60 GHz, Intel Xeon Gold 6142)",Yes,32,2,16,1,75.1,78.7,Intel Xeon Gold 6142
Lenovo Global Technology,"ThinkSystem SR630 (2.20 GHz, Intel Xeon Gold 5120T)",Yes,28,2,14,1,64.9,68.1,Intel Xeon Gold 5120T
Lenovo Global Technology,"ThinkSystem SR630 (2.40 GHz, Intel Xeon Gold 6148)",Yes,40,2,20,1,75.9,79.6,Intel Xeon Gold 6148
Lenovo Global Technology,"ThinkSystem SR630 (3.60 GHz, Intel Xeon Gold 5122)",Yes,8,2,4,1,69.6,73.1,Intel Xeon Gold 5122
Lenovo Global Technology,"ThinkSystem SR630 (2.70 GHz, Intel Xeon Gold 6150)",Yes,36,2,18,1,75.3,78.8,Intel Xeon Gold 6150
Lenovo Global Technology,"ThinkSystem SR630 (2.60 GHz, Intel Xeon Gold 6126)",Yes,24,2,12,1,73.4,76.9,Intel Xeon Gold 6126
Lenovo Global Technology,"ThinkSystem SR630 (2.10 GHz, Intel Xeon Gold 6152)",Yes,44,2,22,1,76.7,80.3,Intel Xeon Gold 6152
Lenovo Global Technology,"ThinkSystem SR630 (2.60 GHz, Intel Xeon Gold 6126T)",Yes,24,2,12,1,73.2,76.7,Intel Xeon Gold 6126T
Lenovo Global Technology,"ThinkSystem SR630 (3.00 GHz, Intel Xeon Gold 6154)",Yes,36,2,18,1,75.8,79.2,Intel Xeon Gold 6154
Lenovo Global Technology,"ThinkSystem SR630 (2.10 GHz, Intel Xeon Gold 6130)",Yes,32,2,16,1,74.3,77.7,Intel Xeon Gold 6130
Lenovo Global Technology,"ThinkSystem SR630 (2.00 GHz, Intel Xeon Platinum 8153)",Yes,32,2,16,1,59.9,62.4,Intel Xeon Platinum 8153
Lenovo Global Technology,"ThinkSystem SR630 (2.10 GHz, Intel Xeon Gold 6130T)",Yes,32,2,16,1,74.5,78.2,Intel Xeon Gold 6130T
Lenovo Global Technology,"ThinkSystem SR630 (3.60 GHz, Intel Xeon Platinum 8156)",Yes,8,2,4,1,69.7,73.1,Intel Xeon Platinum 8156
Lenovo Global Technology,"ThinkSystem SR630 (3.20 GHz, Intel Xeon Gold 6134)",Yes,16,2,8,1,74.4,77.7,Intel Xeon Gold 6134
Lenovo Global Technology,"ThinkSystem SR630 (3.00 GHz, Intel Xeon Platinum 8158)",Yes,24,2,12,1,75.1,78.3,Intel Xeon Platinum 8158
Lenovo Global Technology,"ThinkSystem SR630 (3.00 GHz, Intel Xeon Gold 6136)",Yes,24,2,12,1,75.1,78.5,Intel Xeon Gold 6136
Lenovo Global Technology,"ThinkSystem SR630 (2.10 GHz, Intel Xeon Platinum 8160)",Yes,48,2,24,1,77.0,80.1,Intel Xeon Platinum 8160
Lenovo Global Technology,"ThinkSystem SR630 (2.00 GHz, Intel Xeon Gold 6138)",Yes,40,2,20,1,75.7,79.0,Intel Xeon Gold 6138
Lenovo Global Technology,"ThinkSystem SR630 (2.10 GHz, Intel Xeon Platinum 8160T)",Yes,48,2,24,1,76.7,80.2,Intel Xeon Platinum 8160T
Lenovo Global Technology,"ThinkSystem SR630 (2.00 GHz, Intel Xeon Platinum 8164)",Yes,52,2,26,1,78.2,81.3,Intel Xeon Platinum 8164
Lenovo Global Technology,"ThinkSystem SR630 (2.70 GHz, Intel Xeon Platinum 8168)",Yes,48,2,24,1,77.8,81.0,Intel Xeon Platinum 8168
Lenovo Global Technology,"ThinkSystem SR630 (2.10 GHz, Intel Xeon Platinum 8170)",Yes,52,2,26,1,78.7,81.6,Intel Xeon Platinum 8170
Lenovo Global Technology,"ThinkSystem SR630 (2.10 GHz, Intel Xeon Platinum 8176)",Yes,56,2,28,1,80.4,83.3,Intel Xeon Platinum 8176
Lenovo Global Technology,"ThinkSystem SD530 (1.70 GHz, Intel Xeon Bronze 3104)",Yes,12,2,6,1,35.6,36.2,Intel Xeon Bronze 3104
Lenovo Global Technology,"ThinkSystem SD530 (1.70 GHz, Intel Xeon Bronze 3106)",Yes,16,2,8,1,36.5,37.7,Intel Xeon Bronze 3106
Lenovo Global Technology,"ThinkSystem SD530 (2.60 GHz, Intel Xeon Silver 4112)",Yes,8,2,4,1,55.8,58.3,Intel Xeon Silver 4112
Lenovo Global Technology,"ThinkSystem SD530 (1.80 GHz, Intel Xeon Silver 4108)",Yes,16,2,8,1,57.4,60.1,Intel Xeon Silver 4108
Lenovo Global Technology,"ThinkSystem SD530 (2.20 GHz, Intel Xeon Silver 4114)",Yes,20,2,10,1,59.5,62.1,Intel Xeon Silver 4114
Lenovo Global Technology,"ThinkSystem SD530 (2.00 GHz, Intel Xeon Silver 4109T)",Yes,16,2,8,1,57.7,60.3,Intel Xeon Silver 4109T
Lenovo Global Technology,"ThinkSystem SD530 (2.30 GHz, Intel Xeon Gold 5118)",Yes,24,2,12,1,64.3,67.4,Intel Xeon Gold 5118
Lenovo Global Technology,"ThinkSystem SD530 (2.10 GHz, Intel Xeon Silver 4110)",Yes,16,2,8,1,57.9,60.4,Intel Xeon Silver 4110
Lenovo Global Technology,"ThinkSystem SD530 (2.20 GHz, Intel Xeon Gold 5120)",Yes,28,2,14,1,65.1,68.2,Intel Xeon Gold 5120
Lenovo Global Technology,"ThinkSystem SD530 (2.20 GHz, Intel Xeon Gold 5120T)",Yes,28,2,14,1,64.8,68.1,Intel Xeon Gold 5120T
Lenovo Global Technology,"ThinkSystem SD530 (3.60 GHz, Intel Xeon Gold 5122)",Yes,8,2,4,1,70.0,73.0,Intel Xeon Gold 5122
Lenovo Global Technology,"ThinkSystem SD530 (2.10 GHz, Intel Xeon Gold 6130)",Yes,32,2,16,1,74.1,77.5,Intel Xeon Gold 6130
Lenovo Global Technology,"ThinkSystem SD530 (2.10 GHz, Intel Xeon Gold 6130T)",Yes,32,2,16,1,74.5,78.2,Intel Xeon Gold 6130T
Lenovo Global Technology,"ThinkSystem SD530 (2.00 GHz, Intel Xeon Gold 6138)",Yes,40,2,20,1,76.4,79.6,Intel Xeon Gold 6138
Lenovo Global Technology,"ThinkSystem SD530 (3.20 GHz, Intel Xeon Gold 6134)",Yes,16,2,8,1,74.7,77.8,Intel Xeon Gold 6134
Lenovo Global Technology,"ThinkSystem SD530 (2.00 GHz, Intel Xeon Gold 6138T)",Yes,40,2,20,1,75.6,78.8,Intel Xeon Gold 6138T
Lenovo Global Technology,"ThinkSystem SD530 (3.00 GHz, Intel Xeon Gold 6136)",Yes,24,2,12,1,75.2,78.6,Intel Xeon Gold 6136
Lenovo Global Technology,"ThinkSystem SD530 (2.30 GHz, Intel Xeon Gold 6140)",Yes,36,2,18,1,75.2,78.6,Intel Xeon Gold 6140
Lenovo Global Technology,"ThinkSystem SD530 (2.10 GHz, Intel Xeon Gold 6152)",Yes,44,2,22,1,76.7,80.1,Intel Xeon Gold 6152
Lenovo Global Technology,"ThinkSystem SD530 (2.60 GHz, Intel Xeon Gold 6142)",Yes,32,2,16,1,75.1,78.4,Intel Xeon Gold 6142
Lenovo Global Technology,"ThinkSystem SD530 (2.00 GHz, Intel Xeon Platinum 8153)",Yes,32,2,16,1,59.8,62.2,Intel Xeon Platinum 8153
Lenovo Global Technology,"ThinkSystem SD530 (2.40 GHz, Intel Xeon Gold 6148)",Yes,40,2,20,1,75.8,79.1,Intel Xeon Gold 6148
Lenovo Global Technology,"ThinkSystem SD530 (3.60 GHz, Intel Xeon Platinum 8156)",Yes,8,2,4,1,69.4,72.9,Intel Xeon Platinum 8156
Lenovo Global Technology,"ThinkSystem SD530 (3.00 GHz, Intel Xeon Platinum 8158)",Yes,24,2,12,1,75.2,78.7,Intel Xeon Platinum 8158
Lenovo Global Technology,"ThinkSystem SD530 (2.10 GHz, Intel Xeon Platinum 8160)",Yes,48,2,24,1,77.5,80.1,Intel Xeon Platinum 8160
Lenovo Global Technology,"ThinkSystem SD530 (2.00 GHz, Intel Xeon Platinum 8164)",Yes,52,2,26,1,78.0,81.0,Intel Xeon Platinum 8164
Lenovo Global Technology,"ThinkSystem SD530 (2.10 GHz, Intel Xeon Platinum 8170)",Yes,52,2,26,1,78.5,81.2,Intel Xeon Platinum 8170
Lenovo Global Technology,"ThinkSystem SR650 (1.70 GHz, Intel Xeon Bronze 3106)",Yes,16,2,8,1,36.7,38.0,Intel Xeon Bronze 3106
Lenovo Global Technology,"ThinkSystem SR650 (2.00 GHz, Intel Xeon Silver 4109T)",Yes,16,2,8,1,58.2,60.7,Intel Xeon Silver 4109T
Lenovo Global Technology,"ThinkSystem SR650 (2.20 GHz, Intel Xeon Gold 5120T)",Yes,28,2,14,1,64.8,68.0,Intel Xeon Gold 5120T
Lenovo Global Technology,"ThinkSystem SR650 (2.60 GHz, Intel Xeon Gold 6126T)",Yes,24,2,12,1,73.4,76.8,Intel Xeon Gold 6126T
Lenovo Global Technology,"ThinkSystem SR650 (3.60 GHz, Intel Xeon Gold 5122)",Yes,8,2,4,1,69.5,72.8,Intel Xeon Gold 5122
Lenovo Global Technology,"ThinkSystem SR650 (2.10 GHz, Intel Xeon Gold 6130)",Yes,32,2,16,1,74.3,77.7,Intel Xeon Gold 6130
Lenovo Global Technology,"ThinkSystem SR650 (2.60 GHz, Intel Xeon Gold 6126)",Yes,24,2,12,1,73.6,76.8,Intel Xeon Gold 6126
Lenovo Global Technology,"ThinkSystem SR650 (2.10 GHz, Intel Xeon Gold 6130T)",Yes,32,2,16,1,75.0,78.5,Intel Xeon Gold 6130T
Lenovo Global Technology,"ThinkSystem SR650 (2.70 GHz, Intel Xeon Gold 6150)",Yes,36,2,18,1,75.3,78.8,Intel Xeon Gold 6150
Lenovo Global Technology,"ThinkSystem SR650 (3.20 GHz, Intel Xeon Gold 6134)",Yes,16,2,8,1,75.3,78.0,Intel Xeon Gold 6134
Lenovo Global Technology,"ThinkSystem SR650 (2.10 GHz, Intel Xeon Gold 6152)",Yes,44,2,22,1,77.4,80.5,Intel Xeon Gold 6152
Lenovo Global Technology,"ThinkSystem SR650 (3.00 GHz, Intel Xeon Gold 6136)",Yes,24,2,12,1,75.7,79.0,Intel Xeon Gold 6136
Lenovo Global Technology,"ThinkSystem SR650 (3.00 GHz, Intel Xeon Gold 6154)",Yes,36,2,18,1,75.9,79.3,Intel Xeon Gold 6154
Lenovo Global Technology,"ThinkSystem SR650 (2.00 GHz, Intel Xeon Gold 6138)",Yes,40,2,20,1,75.7,78.9,Intel Xeon Gold 6138
Lenovo Global Technology,"ThinkSystem SR650 (2.00 GHz, Intel Xeon Platinum 8153)",Yes,32,2,16,1,60.3,62.6,Intel Xeon Platinum 8153
Lenovo Global Technology,"ThinkSystem SR650 (3.60 GHz, Intel Xeon Platinum 8156)",Yes,8,2,4,1,70.1,73.7,Intel Xeon Platinum 8156
Lenovo Global Technology,"ThinkSystem SR650 (2.00 GHz, Intel Xeon Gold 6138T)",Yes,40,2,20,1,75.6,78.9,Intel Xeon Gold 6138T
Lenovo Global Technology,"ThinkSystem SR650 (2.30 GHz, Intel Xeon Gold 6140)",Yes,36,2,18,1,75.0,78.5,Intel Xeon Gold 6140
Lenovo Global Technology,"ThinkSystem SR650 (2.60 GHz, Intel Xeon Gold 6142)",Yes,32,2,16,1,74.9,78.4,Intel Xeon Gold 6142
Lenovo Global Technology,"ThinkSystem SR650 (2.40 GHz, Intel Xeon Gold 6148)",Yes,40,2,20,1,76.7,79.8,Intel Xeon Gold 6148
Lenovo Global Technology,"ThinkSystem SR650 (3.00 GHz, Intel Xeon Platinum 8158)",Yes,24,2,12,1,75.0,78.6,Intel Xeon Platinum 8158
Lenovo Global Technology,"ThinkSystem SR650 (2.10 GHz, Intel Xeon Platinum 8160)",Yes,48,2,24,1,76.9,79.9,Intel Xeon Platinum 8160
Lenovo Global Technology,"ThinkSystem SR650 (2.10 GHz, Intel Xeon Platinum 8160T)",Yes,48,2,24,1,76.9,80.2,Intel Xeon Platinum 8160T
Lenovo Global Technology,"ThinkSystem SR650 (2.00 GHz, Intel Xeon Platinum 8164)",Yes,52,2,26,1,78.1,81.3,Intel Xeon Platinum 8164
Lenovo Global Technology,"ThinkSystem SR650 (2.70 GHz, Intel Xeon Platinum 8168)",Yes,48,2,24,1,77.7,80.6,Intel Xeon Platinum 8168
Lenovo Global Technology,"ThinkSystem SR650 (2.10 GHz, Intel Xeon Platinum 8170)",Yes,52,2,26,1,79.4,82.1,Intel Xeon Platinum 8170
Lenovo Global Technology,"ThinkSystem SR650 (2.10 GHz, Intel Xeon Platinum 8176)",Yes,56,2,28,1,81.3,84.2,Intel Xeon Platinum 8176
Lenovo Global Technology,"ThinkSystem SR850 (2.40 GHz, Intel Xeon Gold 6148)",Yes,80,4,20,1,75.7,78.9,Intel Xeon Gold 6148
Lenovo Global Technology,"ThinkSystem SR850 (2.60 GHz, Intel Xeon Gold 6126)",Yes,48,4,12,1,72.7,76.3,Intel Xeon Gold 6126
Lenovo Global Technology,"ThinkSystem SR850 (2.70 GHz, Intel Xeon Gold 6150)",Yes,72,4,18,1,75.0,78.4,Intel Xeon Gold 6150
Lenovo Global Technology,"ThinkSystem SR850 (2.10 GHz, Intel Xeon Gold 6130)",Yes,64,4,16,1,73.9,78.0,Intel Xeon Gold 6130
Lenovo Global Technology,"ThinkSystem SR850 (2.10 GHz, Intel Xeon Gold 6152)",Yes,88,4,22,1,76.8,80.0,Intel Xeon Gold 6152
Lenovo Global Technology,"ThinkSystem SR850 (3.00 GHz, Intel Xeon Gold 6136)",Yes,48,4,12,1,74.4,78.0,Intel Xeon Gold 6136
Lenovo Global Technology,"ThinkSystem SR850 (3.60 GHz, Intel Xeon Platinum 8156)",Yes,16,4,4,1,71.1,74.7,Intel Xeon Platinum 8156
Lenovo Global Technology,"ThinkSystem SR850 (2.00 GHz, Intel Xeon Gold 6138)",Yes,80,4,20,1,75.1,78.5,Intel Xeon Gold 6138
Lenovo Global Technology,"ThinkSystem SR850 (3.00 GHz, Intel Xeon Platinum 8158)",Yes,48,4,12,1,74.8,78.0,Intel Xeon Platinum 8158
Lenovo Global Technology,"ThinkSystem SR850 (2.60 GHz, Intel Xeon Gold 6142)",Yes,64,4,16,1,74.6,78.3,Intel Xeon Gold 6142
Lenovo Global Technology,"ThinkSystem SR850 (2.10 GHz, Intel Xeon Platinum 8160)",Yes,96,4,24,1,76.2,79.4,Intel Xeon Platinum 8160
Lenovo Global Technology,"ThinkSystem SR850 (2.00 GHz, Intel Xeon Platinum 8164)",Yes,104,4,26,1,77.1,80.2,Intel Xeon Platinum 8164
Lenovo Global Technology,"ThinkSystem SR850 (2.10 GHz, Intel Xeon Platinum 8170)",Yes,104,4,26,1,77.1,80.3,Intel Xeon Platinum 8170
Lenovo Global Technology,"ThinkSystem SN850 (2.60 GHz, Intel Xeon Gold 6126)",Yes,48,4,12,1,73.3,76.8,Intel Xeon Gold 6126
Lenovo Global Technology,"ThinkSystem SN850 (2.40 GHz, Intel Xeon Gold 5115)",Yes,40,4,10,1,63.4,66.1,Intel Xeon Gold 5115
Lenovo Global Technology,"ThinkSystem SN850 (2.10 GHz, Intel Xeon Gold 6130)",Yes,64,4,16,1,74.4,78.0,Intel Xeon Gold 6130
Lenovo Global Technology,"ThinkSystem SN850 (2.30 GHz, Intel Xeon Gold 5118)",Yes,48,4,12,1,64.0,67.0,Intel Xeon Gold 5118
Lenovo Global Technology,"ThinkSystem SN850 (2.10 GHz, Intel Xeon Gold 6130T)",Yes,64,4,16,1,74.3,78.0,Intel Xeon Gold 6130T
Lenovo Global Technology,"ThinkSystem SN850 (2.20 GHz, Intel Xeon Gold 5120)",Yes,56,4,14,1,64.7,67.8,Intel Xeon Gold 5120
Lenovo Global Technology,"ThinkSystem SN850 (3.20 GHz, Intel Xeon Gold 6134)",Yes,32,4,8,1,74.9,78.2,Intel Xeon Gold 6134
Lenovo Global Technology,"ThinkSystem SN850 (2.20 GHz, Intel Xeon Gold 5120T)",Yes,56,4,14,1,64.5,67.9,Intel Xeon Gold 5120T
Lenovo Global Technology,"ThinkSystem SN850 (3.00 GHz, Intel Xeon Gold 6136)",Yes,48,4,12,1,75.0,78.4,Intel Xeon Gold 6136
Lenovo Global Technology,"ThinkSystem SN850 (3.60 GHz, Intel Xeon Gold 5122)",Yes,16,4,4,1,70.9,74.8,Intel Xeon Gold 5122
Lenovo Global Technology,"ThinkSystem SN850 (2.00 GHz, Intel Xeon Gold 6138)",Yes,80,4,20,1,76.2,79.6,Intel Xeon Gold 6138
Lenovo Global Technology,"ThinkSystem SN850 (2.30 GHz, Intel Xeon Gold 6140)",Yes,72,4,18,1,75.4,79.0,Intel Xeon Gold 6140
Lenovo Global Technology,"ThinkSystem SN850 (2.60 GHz, Intel Xeon Gold 6142)",Yes,64,4,16,1,75.6,79.2,Intel Xeon Gold 6142
Lenovo Global Technology,"ThinkSystem SN850 (2.10 GHz, Intel Xeon Gold 6152)",Yes,88,4,22,1,77.1,80.4,Intel Xeon Gold 6152
Lenovo Global Technology,"ThinkSystem SN850 (3.60 GHz, Intel Xeon Platinum 8156)",Yes,16,4,4,1,71.6,75.4,Intel Xeon Platinum 8156
Lenovo Global Technology,"ThinkSystem SN850 (3.00 GHz, Intel Xeon Platinum 8158)",Yes,48,4,12,1,75.1,78.5,Intel Xeon Platinum 8158
Lenovo Global Technology,"ThinkSystem SN550 (1.80 GHz, Intel Xeon Silver 4108)",Yes,16,2,8,1,57.4,60.0,Intel Xeon Silver 4108
Lenovo Global Technology,"ThinkSystem SN550 (2.00 GHz, Intel Xeon Platinum 8153)",Yes,32,2,16,1,60.0,62.5,Intel Xeon Platinum 8153
Lenovo Global Technology,"ThinkSystem SN550 (2.20 GHz, Intel Xeon Silver 4114)",Yes,20,2,10,1,59.4,62.0,Intel Xeon Silver 4114
Lenovo Global Technology,"ThinkSystem SN550 (3.60 GHz, Intel Xeon Platinum 8156)",Yes,8,2,4,1,69.9,73.0,Intel Xeon Platinum 8156
Lenovo Global Technology,"ThinkSystem SN550 (2.40 GHz, Intel Xeon Gold 5115)",Yes,20,2,10,1,63.3,66.1,Intel Xeon Gold 5115
Lenovo Global Technology,"ThinkSystem SN550 (2.20 GHz, Intel Xeon Gold 5120)",Yes,28,2,14,1,64.9,68.1,Intel Xeon Gold 5120
Lenovo Global Technology,"ThinkSystem SN550 (3.60 GHz, Intel Xeon Gold 5122)",Yes,8,2,4,1,69.6,73.2,Intel Xeon Gold 5122
Lenovo Global Technology,"ThinkSystem SN550 (2.20 GHz, Intel Xeon Gold 5120T)",Yes,28,2,14,1,65.0,68.2,Intel Xeon Gold 5120T
Lenovo Global Technology,"ThinkSystem SN550 (2.60 GHz, Intel Xeon Gold 6126)",Yes,24,2,12,1,73.0,76.4,Intel Xeon Gold 6126
Lenovo Global Technology,"ThinkSystem SN550 (3.20 GHz, Intel Xeon Gold 6134)",Yes,16,2,8,1,74.4,77.4,Intel Xeon Gold 6134
Lenovo Global Technology,"ThinkSystem SN550 (3.00 GHz, Intel Xeon Gold 6136)",Yes,24,2,12,1,75.3,78.6,Intel Xeon Gold 6136
Lenovo Global Technology,"ThinkSystem SN550 (2.40 GHz, Intel Xeon Gold 6148)",Yes,40,2,20,1,75.9,79.2,Intel Xeon Gold 6148
Lenovo Global Technology,"ThinkSystem SD530 (2.10 GHz, Intel Xeon Silver 4116)",Yes,24,2,12,1,60.1,62.9,Intel Xeon Silver 4116
Lenovo Global Technology,"ThinkSystem SD530 (2.40 GHz, Intel Xeon Gold 5115)",Yes,20,2,10,1,63.3,65.9,Intel Xeon Gold 5115
Lenovo Global Technology,"ThinkSystem SD530 (2.70 GHz, Intel Xeon Gold 6150)",Yes,36,2,18,1,75.5,78.8,Intel Xeon Gold 6150
Lenovo Global Technology,"ThinkSystem SD530 (2.60 GHz, Intel Xeon Gold 6126)",Yes,24,2,12,1,73.1,76.6,Intel Xeon Gold 6126
Lenovo Global Technology,"ThinkSystem SR950 (2.30 GHz, Intel Xeon Gold 6140)",Yes,72,4,18,1,75.9,79.5,Intel Xeon Gold 6140
Lenovo Global Technology,"ThinkSystem SR950 (2.70 GHz, Intel Xeon Platinum 8168)",Yes,96,4,24,1,77.4,80.6,Intel Xeon Platinum 8168
Lenovo Global Technology,"ThinkSystem SR950 (2.10 GHz, Intel Xeon Platinum 8170)",Yes,104,4,26,1,78.4,81.4,Intel Xeon Platinum 8170
Lenovo Global Technology,"ThinkSystem SR950 (2.10 GHz, Intel Xeon Platinum 8170M)",Yes,104,4,26,1,78.3,81.6,Intel Xeon Platinum 8170M
